variable,rusfar_avg,rusfarind_ret,key_rate_avg,key_rate_eom,d_key_rate,dep_rate,spread_dep,spread_key,ofz_slope,imoex_ret,imoex_vol,fx_vol
rusfar_avg,1.0,0.974917052159041,0.9990034004923658,0.9898778565813131,-0.2069726035819787,0.9865439465006985,-0.4385651269948195,0.191377777973012,-0.47342902850539753,-0.2757882611115609,0.4455372968021891,0.12334429917823406
rusfarind_ret,0.974917052159041,1.0,0.9732377600448371,0.9656374275714622,-0.2027419002757844,0.9618052367678442,-0.4276094317945386,0.20213975622730718,-0.4551515114759874,-0.3358215302620517,0.4115972434996999,0.09149579580103553
key_rate_avg,0.9990034004923658,0.9732377600448371,1.0,0.9890081191074824,-0.21912186963366756,0.9871696045581673,-0.4466406440231406,0.14737791536448777,-0.4643893953411416,-0.2801550349892108,0.4348321395201717,0.11945587975882915
key_rate_eom,0.9898778565813131,0.9656374275714622,0.9890081191074824,1.0,-0.07978238799222537,0.979855368229036,-0.4517790117779283,0.1868727265017306,-0.4436422737864627,-0.2791256021984227,0.4211911536005768,0.1283504972596143
d_key_rate,-0.2069726035819787,-0.2027419002757844,-0.21912186963366756,-0.07978238799222537,1.0,-0.1985684741350887,0.04591265260967089,0.23209154110387795,0.19824512526252935,0.0952299887948974,-0.10692725008980022,0.12845609110514639
dep_rate,0.9865439465006985,0.9618052367678442,0.9871696045581673,0.979855368229036,-0.1985684741350887,1.0,-0.5795978036642363,0.17007195887962115,-0.4038800465195071,-0.25167056841192764,0.5099566462582962,0.1642513453028912
spread_dep,-0.4385651269948195,-0.4276094317945386,-0.4466406440231406,-0.4517790117779283,0.04591265260967089,-0.5795978036642363,1.0,0.10126320592755672,-0.19147852456319073,-0.0009491830090793526,-0.4104950547083781,-0.2988344102306214
spread_key,0.191377777973012,0.20213975622730718,0.14737791536448777,0.1868727265017306,0.23209154110387795,0.17007195887962115,0.10126320592755672,1.0,-0.2790123051681889,0.049290809016744395,0.3109110268606679,0.10640958478362207
ofz_slope,-0.47342902850539753,-0.4551515114759874,-0.4643893953411416,-0.4436422737864627,0.19824512526252935,-0.4038800465195071,-0.19147852456319073,-0.2790123051681889,1.0,0.08378439742690602,-0.1419234501627953,0.057438268266772285
imoex_ret,-0.2757882611115609,-0.3358215302620517,-0.2801550349892108,-0.2791256021984227,0.0952299887948974,-0.25167056841192764,-0.0009491830090793526,0.049290809016744395,0.08378439742690602,1.0,-0.13434006537206752,-0.006737721835071533
imoex_vol,0.4455372968021891,0.4115972434996999,0.4348321395201717,0.4211911536005768,-0.10692725008980022,0.5099566462582962,-0.4104950547083781,0.3109110268606679,-0.1419234501627953,-0.13434006537206752,1.0,0.3734364306357089
fx_vol,0.12334429917823406,0.09149579580103553,0.11945587975882915,0.1283504972596143,0.12845609110514639,0.1642513453028912,-0.2988344102306214,0.10640958478362207,0.057438268266772285,-0.006737721835071533,0.3734364306357089,1.0
