variable,label,n,mean,std,min,max
flow_mm,"Приток в ФДР, млрд руб.",0,,,,
nav_mm,"СЧА ФДР, млрд руб.",0,,,,
flow_mm_pct,"Приток в ФДР, % СЧА",0,,,,
flow_bond,"Поток в облигационные фонды, млрд руб.",0,,,,
flow_bond_pct,"Поток в облигационные фонды, % СЧА",0,,,,
rusfar_avg,"RUSFAR, среднее за месяц, %",45,15.129618774240619,4.272979885930979,6.938823529411764,21.42619047619048
rusfarind_ret,"Доходность RUSFARIND за месяц, %",45,1.2679800969669897,0.3663792368078945,0.5448449287510648,1.984986052322624
key_rate_avg,"Ключевая ставка, среднее за месяц, %",45,15.390378904249873,4.240303088401087,7.5,21.0
key_rate_eom,"Ключевая ставка на конец месяца, %",45,15.494444444444444,4.179389665943818,7.5,21.0
d_key_rate,"Изменение ключевой ставки, п.п.",45,0.14444444444444443,0.887874263097375,-2.0,3.5
dep_rate,"Ставка по вкладам до 1 года, %",43,14.04279069767442,4.8134372064943145,5.35,21.57
spread_dep,"Спред RUSFAR − ставка по вкладам, п.п.",43,1.1444530512666113,0.8756867836737267,-0.843684210526316,3.083333333333332
spread_key,"Спред RUSFAR − ключевая ставка, п.п.",45,-0.26076013000925113,0.19282636621069382,-0.5667180925666209,0.4261904761904773
ofz_slope,"Наклон кривой ОФЗ (1 год − 3 мес.), п.п.",45,-0.10257555555555552,1.0751322312237512,-3.3146999999999984,2.0726
imoex_ret,"Доходность IMOEX за месяц, %",45,0.2606482158676523,5.489847818776868,-10.406080712216026,11.832428238944924
imoex_vol,"Волатильность IMOEX, % годовых",45,18.553021623645204,8.335357436858361,5.813171460479396,38.45793588857843
fx_vol,"Волатильность USD/RUB, % годовых",45,12.829594273711972,4.9546554595610575,5.835477635630388,29.73396346885249
