variable,form,n,conclusion,adf_stat,adf_p,adf_lags,kpss_stat,kpss_p,kpss_note
flow_mm,уровень,0,не рассчитан (мало наблюдений),,,,,,
flow_mm,первая разность,0,не рассчитан (мало наблюдений),,,,,,
nav_mm,уровень,0,не рассчитан (мало наблюдений),,,,,,
nav_mm,первая разность,0,не рассчитан (мало наблюдений),,,,,,
flow_mm_pct,уровень,0,не рассчитан (мало наблюдений),,,,,,
flow_mm_pct,первая разность,0,не рассчитан (мало наблюдений),,,,,,
flow_bond,уровень,0,не рассчитан (мало наблюдений),,,,,,
flow_bond,первая разность,0,не рассчитан (мало наблюдений),,,,,,
flow_bond_pct,уровень,0,не рассчитан (мало наблюдений),,,,,,
flow_bond_pct,первая разность,0,не рассчитан (мало наблюдений),,,,,,
rusfar_avg,уровень,45,стационарен,-2.8958899500696322,0.04582803214683676,3.0,0.4623544410455551,0.05027825817001935,
rusfar_avg,первая разность,44,неоднозначно,-3.2527128583314906,0.017129144897761347,0.0,0.5116970737806874,0.03903219058993527,
rusfarind_ret,уровень,45,нестационарен,-2.691076649582379,0.07559516802633937,4.0,0.4694831684505027,0.04853982692556246,
rusfarind_ret,первая разность,44,неоднозначно,-1.7227564005572646,0.41942747308626754,3.0,0.4472420530406371,0.05679221851696679,
key_rate_avg,уровень,45,нестационарен,-2.3383718333857613,0.1598906878954779,2.0,0.46480310715352224,0.049593894785242745,
key_rate_avg,первая разность,44,неоднозначно,-3.3974605169715852,0.011045747641906481,0.0,0.5136778011834303,0.03858608081454272,
key_rate_eom,уровень,45,неоднозначно,-2.378662758585275,0.1478494654825216,2.0,0.42426949933593966,0.06669418132071567,
key_rate_eom,первая разность,44,нестационарен,-2.5538904367581727,0.1029064798021101,1.0,0.5011815223769138,0.04140055802321761,
d_key_rate,уровень,45,нестационарен,-2.58494525404945,0.09614886841628528,1.0,0.4802034245298605,0.04612535483561701,
d_key_rate,первая разность,44,стационарен,-11.376365269583603,8.7257660720223e-21,0.0,0.08855646306818185,0.1,p за границей таблицы
dep_rate,уровень,43,нестационарен,-1.9772155465540346,0.2966517646242963,1.0,0.5008599695494823,0.04147297983119768,
dep_rate,первая разность,42,неоднозначно,-3.3349600110112902,0.013386274575283219,0.0,0.5354082455918237,0.033691836578418094,
spread_dep,уровень,43,неоднозначно,-2.17486248002851,0.21549507931369366,0.0,0.23033132954938149,0.1,p за границей таблицы
spread_dep,первая разность,42,стационарен,-5.734035055009263,6.500493611434253e-07,0.0,0.07294162321219036,0.1,p за границей таблицы
spread_key,уровень,45,стационарен,-5.566343268103691,1.501749235905947e-06,0.0,0.0741205927977259,0.1,p за границей таблицы
spread_key,первая разность,44,неоднозначно,-7.86205349865424,5.252333314175587e-12,1.0,0.499999999999999,0.04166666666666689,
ofz_slope,уровень,45,неоднозначно,-2.7184016209503974,0.07090775556743532,0.0,0.11754942903488831,0.1,p за границей таблицы
ofz_slope,первая разность,44,стационарен,-8.454355762423786,1.629997668027456e-13,0.0,0.09151745607536972,0.1,p за границей таблицы
imoex_ret,уровень,45,стационарен,-5.725168777474242,6.797607842485529e-07,0.0,0.42773774850661833,0.06519924633335417,
imoex_ret,первая разность,44,стационарен,-8.113517171568645,1.2080119335678476e-12,1.0,0.38245991717996175,0.08471555293967166,
imoex_vol,уровень,45,стационарен,-3.348455140858429,0.012846669420097538,0.0,0.4123419719750365,0.07183535690731185,
imoex_vol,первая разность,44,стационарен,-6.592735498577856,7.047922761049266e-09,1.0,0.21921461369909176,0.1,p за границей таблицы
fx_vol,уровень,45,стационарен,-6.415327670461133,1.8473627343749112e-08,0.0,0.07041183377256949,0.1,p за границей таблицы
fx_vol,первая разность,44,стационарен,-4.835471864922313,4.64961601542336e-05,4.0,0.2569610270536332,0.1,p за границей таблицы
