month,flow_mm,nav_mm,flow_mm_pct,flow_is_estimated,r_source,flow_bond,nav_bond,flow_bond_pct,flow_bond_source,rusfar_avg,rusfar_ret_calc,rusfarind_ret,mm_etf_ret,mm_etf_n,key_rate_avg,key_rate_eom,d_key_rate,dep_rate,dep_rate_long,spread_dep,spread_key,ofz_3m,ofz_1y,ofz_slope,ofz_source,imoex_ret,imoex_vol,fx_vol,fx_vol_cny,d_2026_04,d_2026_07,in_model_sample
2022-06,,,,0,,,,,,9.70952380952381,0.807573089601246,,,0.0,10.15,9.5,,6.97,,2.739523809523811,-0.4404761904761898,8.753,8.6912,-0.061799999999999855,ISS yearyields,,,,,0,0,0
2022-07,,,,0,,,,,,8.976190476190476,0.7651195966231452,0.7228528201492335,0.8595194085027735,1.0,9.161290322580646,8.0,-1.5,6.21,,2.7661904761904763,-0.18509984639016963,7.1453,7.1902,0.04490000000000016,ISS yearyields,0.4063768510329524,23.376011079571924,42.912733857664065,46.12712182402122,0,0,0
2022-08,,,,0,,,,,,7.924347826086956,0.6751823969133037,0.7205677464298121,0.5969672507557311,3.0,8.0,8.0,0.0,5.06,,2.8643478260869566,-0.0756521739130438,7.7065,7.691,-0.015500000000000291,ISS yearyields,8.414001201548471,24.14870990775659,14.918761885806036,15.497584893342284,0,0,0
2022-09,,,,0,,,,,,7.6840909090909095,0.6330246729492348,0.6340011959568015,0.6241132102935495,3.0,7.8,7.5,-0.5,5.55,,2.1340909090909097,-0.1159090909090903,8.6146,8.7887,0.17410000000000103,ISS yearyields,-18.448135062164596,47.881309487806384,15.09004152215091,14.14220820159596,0,0,0
2022-10,,,,0,,,,,,7.591904761904762,0.6468102681954013,0.6471889519691354,0.5925238036271244,3.0,7.5,7.5,0.0,5.17,,2.421904761904762,0.09190476190476193,7.4261,7.724,0.2979000000000003,ISS yearyields,10.693247365006053,30.410610451842413,25.427323901749197,18.84963708502663,0,0,0
2022-11,,,,0,,,,,,7.30904761904762,0.6038374968539943,0.603905110787073,0.549643603975906,3.0,7.5,7.5,0.0,5.35,,1.9590476190476203,-0.1909523809523801,7.1119,7.4559,0.3439999999999994,ISS yearyields,0.3655480220251972,17.541793479150883,9.371582592160363,7.226437290996644,0,0,0
2022-12,,,,0,,,,,,7.2752380952380955,0.6202650036209756,0.5804827693482562,0.6339008418145164,3.0,7.5,7.5,0.0,5.48,,1.795238095238095,-0.2247619047619045,6.6835,7.253,0.5694999999999997,ISS yearyields,-0.9385936271286366,9.306968372931038,28.183302324483954,28.128460074616022,0,0,0
2023-01,,,,0,,,,,,6.938823529411764,0.5948010884763386,0.6361815050437647,0.49946543255494635,3.0,7.5,7.5,0.0,5.35,,1.5888235294117647,-0.5611764705882356,6.8823,7.2976,0.4153000000000002,ISS yearyields,3.318292388539179,11.629318981028693,10.846369065499252,18.403407500625637,0,0,1
2023-02,,,,0,,,,,,7.089444444444444,0.5476600345468206,0.5448449287510648,0.5272510103777236,3.0,7.5,7.5,0.0,5.42,,1.6694444444444443,-0.4105555555555558,7.2772,7.7336,0.45640000000000036,ISS yearyields,1.2383177570093329,16.205681740430396,11.240962336299473,11.022603279044219,0,0,1
2023-03,,,,0,,,,,,7.308181818181819,0.6232967764899233,0.6245657913019231,0.6461824128445093,3.0,7.5,7.5,0.0,5.81,,1.498181818181819,-0.19181818181818144,7.7697,7.8338,0.06409999999999982,ISS yearyields,8.765910987235713,18.005324884603628,7.659777497254241,7.266569904098576,0,0,1
2023-04,,,,0,,,,,,7.124,0.5896741229892761,0.5495757358169984,0.4940062804922836,3.0,7.5,7.5,0.0,5.68,,1.444,-0.37600000000000033,7.2304,7.4354,0.20499999999999918,ISS yearyields,7.5191682274643235,10.356464530819105,12.741925775660828,13.595663819464981,0,0,1
2023-05,,,,0,,,,,,7.2010000000000005,0.6096542774711728,0.6495691283002092,0.5806614851077437,3.0,7.5,7.5,0.0,5.52,,1.681000000000001,-0.2989999999999995,7.6248,7.7447,0.11990000000000034,ISS yearyields,3.138591391075307,17.59694083961931,17.16237062631007,16.309585791135987,0,0,1
2023-06,,,,0,,,,,,7.227619047619048,0.5951574227924505,0.5955751427538347,0.5922473422087441,3.0,7.5,7.5,0.0,5.4,,1.8276190476190477,-0.27238095238095195,7.5135,7.9787,0.4652000000000003,ISS yearyields,2.9337954990359183,11.337499862835816,8.878956923872174,8.070914909512672,0,0,1
2023-07,,,,0,,,,,,7.723333333333334,0.6570662040735366,0.6530850299076407,0.5271751905340608,3.0,7.758064516129032,8.5,1.0,5.75,,1.9733333333333336,-0.03473118279569842,7.815,8.7693,0.954299999999999,ISS yearyields,9.871057457540488,10.928048811524715,13.290521846885373,11.737096101263548,0,0,1
2023-08,,,,0,,,,,,10.241739130434782,0.8688334912559328,0.8604135644838529,0.8319717663296866,4.0,10.419354838709678,12.0,3.5,8.64,,1.6017391304347814,-0.17761570827489592,10.3085,10.5134,0.2049000000000003,ISS yearyields,5.026517000162678,15.127780893376416,22.078385633487002,22.741942407504055,0,0,1
2023-09,,,,0,,,,,,12.166190476190476,1.0027735338347157,0.9659705799831775,1.0121160660918227,4.0,12.433333333333334,13.0,1.0,9.47,,2.696190476190475,-0.2671428571428578,12.381,12.5657,0.18469999999999942,ISS yearyields,-2.9346435397879067,15.911631532282927,11.131681676481199,10.950438088635687,0,0,1
2023-10,,,,0,,,,,,12.995,1.1056808919105936,1.1353711790393017,0.9936643403419931,4.0,13.129032258064516,15.0,2.0,10.06,,2.9349999999999987,-0.1340322580645168,13.1282,12.9497,-0.17849999999999966,ISS yearyields,2.161008023592026,8.813852051198387,15.661584985337612,15.544463040973064,0,0,1
2023-11,,,,0,,,,,,14.813333333333333,1.2205957427297385,1.2194483697074432,1.168297526501022,4.0,15.0,15.0,0.0,11.73,,3.083333333333332,-0.18666666666666742,13.5113,11.4969,-2.0144,ISS yearyields,-1.0990418529383206,7.6708391654923425,11.341531881727873,10.063080111660188,0,0,1
2023-12,,,,0,,,,,,15.168000000000001,1.2970856743514776,1.1692088934849965,1.371010665820771,4.0,15.451612903225806,16.0,1.0,12.89,,2.2780000000000005,-0.283612903225805,11.7349,12.7767,1.0418000000000003,ISS yearyields,-2.1062673140037624,12.578424250420476,12.938808482179514,12.403212475173955,0,0,1
2024-01,,,,0,,,,,,15.639411764705883,1.327105986431111,1.4482939263650962,1.1788594365922,4.0,16.0,16.0,0.0,14.49,,1.1494117647058832,-0.36058823529411654,13.4649,13.2569,-0.20800000000000018,ISS yearyields,3.713324147900532,5.813171460479396,9.911408554996212,9.917732473968416,0,0,1
2024-02,,,,0,,,,,,15.741,1.2558531631494771,1.2525504420766165,1.211593942773087,4.0,16.0,16.0,0.0,14.61,,1.1310000000000002,-0.25900000000000034,13.5913,13.5775,-0.013799999999999812,ISS yearyields,1.3256839203656279,13.393343094864063,6.467645414757593,5.885575037212827,0,0,1
2024-03,,,,0,,,,,,15.586500000000001,1.3338769957556154,1.2420312840128123,1.3082353230213117,4.0,16.0,16.0,0.0,14.67,,0.916500000000001,-0.4134999999999991,15.1242,14.4011,-0.7231000000000005,ISS yearyields,2.325288626873001,7.15746103570809,7.94362532439701,7.271625377494341,0,0,1
2024-04,,,,0,,,,,,15.577000000000002,1.2885607894084752,1.202835694364257,1.2918005963288903,4.0,16.0,16.0,0.0,14.81,,0.7670000000000012,-0.42299999999999827,14.648,14.5119,-0.136099999999999,ISS yearyields,4.119992918293303,7.3677096008969825,5.8354776356303875,6.40734886348778,0,0,1
2024-05,,,,0,,,,,,15.993500000000001,1.3673498754584692,1.5339322568896474,1.3724209595305126,4.0,16.0,16.0,0.0,15.09,,0.9035000000000011,-0.006499999999999062,15.1261,15.7287,0.6026000000000007,ISS yearyields,-7.28104835107195,14.611071792641406,7.7582782914840065,8.379263271111405,0,0,1
2024-06,,,,0,,,,,,15.606315789473683,1.295828353858572,1.2034651186426437,1.1649130969996813,4.0,16.0,16.0,0.0,16.45,,-0.843684210526316,-0.39368421052631675,15.8867,16.7609,0.8742000000000001,ISS yearyields,-1.9529465154373815,23.858162312565984,29.733963468852494,33.67982207715274,0,0,1
2024-07,,,,0,,,,,,16.082173913043476,1.3714026015567873,1.4508506616257133,1.3222527023990516,4.0,16.193548387096776,18.0,2.0,16.33,,-0.24782608695652186,-0.11137447405329937,16.2754,17.2255,0.9500999999999991,ISS yearyields,-6.710711523098201,21.527077341956133,10.248840106689297,10.00342938786436,0,0,1
2024-08,,,,0,,,,,,17.643636363636364,1.508797485637162,1.447570689896116,1.48398237374594,4.0,18.0,18.0,0.0,16.76,,0.8836363636363629,-0.35636363636363555,17.3968,18.3546,0.9578000000000024,ISS yearyields,-9.93516114562235,22.52387774201954,19.02472325374464,13.438897502277092,0,0,1
2024-09,,,,0,,,,,,18.367142857142856,1.522712600738657,1.5715581269873935,1.4479779819753291,4.0,18.5,19.0,1.0,17.59,,0.7771428571428558,-0.13285714285714434,19.487,19.4332,-0.05379999999999896,ISS yearyields,7.819433125056596,27.882608764148227,10.299866768484815,12.922855245767131,0,0,1
2024-10,,,,0,,,,,,18.842173913043478,1.6063552463035122,1.5952757685352648,1.5336805380847918,4.0,19.258064516129032,21.0,2.0,18.96,,-0.11782608695652286,-0.41589060308555403,21.7151,21.8251,0.10999999999999943,ISS yearyields,-10.406080712216026,18.26372743428652,9.258045565743936,10.092951374494982,0,0,1
2024-11,,,,0,,,,,,20.553,1.7001178073290317,1.6358610102178872,1.733437315333669,4.0,21.0,21.0,0.0,20.54,,0.013000000000001677,-0.4469999999999992,23.2164,22.5319,-0.6844999999999999,ISS yearyields,0.6952581829544613,26.22998723832862,14.036245153650476,13.865002679744695,0,0,1
2024-12,,,,0,,,,,,21.000999999999998,1.7979245703376265,1.6254022460103768,1.80850696943482,4.0,21.0,21.0,0.0,21.57,,-0.5690000000000026,0.0009999999999976694,18.797,18.5816,-0.21539999999999893,ISS yearyields,11.832428238944924,38.45793588857843,22.0786040946093,19.38614741863138,0,0,1
2025-01,,,,0,,,,,,20.629411764705882,1.7614723215796289,1.9849860523226237,1.656501518122816,4.0,21.0,21.0,0.0,21.1,,-0.47058823529411953,-0.3705882352941181,18.6756,18.2939,-0.3816999999999986,ISS yearyields,2.256645762805931,21.52227881424203,14.071450125051848,13.3481970606982,0,0,1
2025-02,,,,0,,,,,,20.8065,1.6058658323219823,1.6031259900728845,1.5590174357347608,4.0,21.0,21.0,0.0,21.0,,-0.19350000000000023,-0.19350000000000023,19.9408,18.9295,-1.0112999999999985,ISS yearyields,8.560767952240433,28.068996609518322,21.11695099830638,21.175966302880184,0,0,1
2025-03,,,,0,,,,,,21.426190476190477,1.8320759402609466,1.830409113587228,1.6851862140902063,4.0,21.0,21.0,0.0,20.19,,1.236190476190476,0.42619047619047734,21.5189,18.2042,-3.3146999999999984,ISS yearyields,-5.846623006549012,22.14533260219995,19.067951657288322,19.39586507694048,0,0,1
2025-04,,,,0,,,,,,21.047272727272727,1.744292843154768,1.745960456879203,1.803147508221753,4.0,21.0,21.0,0.0,19.32,,1.7272727272727266,0.04727272727272691,20.3272,18.1908,-2.136400000000002,ISS yearyields,-3.148976557729588,30.712414675068008,16.49848972261182,17.078634024126067,0,0,1
2025-05,,,,0,,,,,,20.81888888888889,1.7833479970232813,1.7230222864279998,1.6857527397532268,4.0,21.0,21.0,0.0,19.39,,1.4288888888888884,-0.181111111111111,20.0412,17.4176,-2.6235999999999997,ISS yearyields,-3.071472381076379,29.544427097610836,7.752567947872231,9.135289128895804,0,0,1
2025-06,,,,0,,,,,,20.072105263157894,1.6616395647059208,1.7214513249898866,1.642605995546853,4.0,20.266666666666666,20.0,-1.0,18.71,,1.3621052631578934,-0.1945614035087715,17.2953,15.4032,-1.892100000000001,ISS yearyields,0.655748136155232,16.772682462697087,6.596016671027968,8.398074961141857,0,0,1
2025-07,,,,0,,,,,,19.175217391304347,1.6424202781899635,1.6467508544004694,1.5584026994173716,4.0,19.741935483870968,18.0,-2.0,17.41,,1.765217391304347,-0.5667180925666209,14.9885,13.6854,-1.3031000000000006,ISS yearyields,-4.047931782902181,22.1370763358657,12.21256070658075,11.154321980101257,0,0,1
2025-08,,,,0,,,,,,17.688095238095237,1.5159140745349355,1.4197689835083516,1.3948844685920059,4.0,18.0,18.0,0.0,15.71,,1.9780952380952357,-0.31190476190476346,15.504,14.0555,-1.4484999999999992,ISS yearyields,6.1219858571365915,20.726100733204078,8.997644471758237,10.203224374952203,0,0,1
2025-09,,,,0,,,,,,17.174090909090907,1.420817782202958,1.5198040054735351,1.4631349830777296,4.0,17.466666666666665,17.0,-1.0,15.45,,1.7240909090909078,-0.29257575757575793,14.4671,14.249,-0.21809999999999974,ISS yearyields,-7.407790631100452,14.671508958400226,13.557585123028185,12.854206311266154,0,0,1
2025-10,,,,0,,,,,,16.476956521739133,1.4096086544461093,1.4104339689936296,1.318252799631553,4.0,16.919354838709676,16.5,-0.5,15.46,,1.0169565217391323,-0.442398316970543,12.2992,13.4845,1.1852999999999998,ISS yearyields,-5.937569842807122,34.19884198295909,17.215747013932763,17.10247878437504,0,0,1
2025-11,,,,0,,,,,,16.223333333333333,1.3443298959858292,1.2547045711988725,1.3335790320574636,4.0,16.5,16.5,0.0,15.4,,0.8233333333333324,-0.2766666666666673,13.2346,14.0278,0.7931999999999988,ISS yearyields,5.988436559480448,21.5121277500314,9.398644777777939,9.904675804874612,0,0,1
2025-12,,,,0,,,,,,15.988571428571428,1.3651568418453899,1.368620958756428,1.4867731550756658,4.0,16.338709677419356,16.0,-0.5,15.49,,0.49857142857142733,-0.3501382488479283,12.0984,13.1354,1.0370000000000008,ISS yearyields,3.3701735900942165,12.093962624643568,15.61464169677633,14.93364625837446,0,0,1
2026-01,,,,0,,,,,,15.643333333333334,1.3417585584184897,1.3835179358927086,1.1817982915335312,4.0,16.0,16.0,0.0,14.76,,0.8833333333333346,-0.3566666666666656,13.9236,14.4093,0.4856999999999996,ISS yearyields,0.5826604304169036,9.452705910243056,9.996169900477982,11.72266783905946,0,0,1
2026-02,,,,0,,,,,,15.316842105263158,1.1825813841678225,1.1864317505464683,1.1465209303153145,4.0,15.767857142857142,15.5,-0.5,14.36,,0.9568421052631582,-0.45101503759398476,13.6809,14.2356,0.5547000000000004,ISS yearyields,0.5893471901794678,9.948182695644608,9.816838966602628,9.59163556443893,0,0,1
2026-03,,,,0,,,,,,14.902857142857142,1.2740632475643203,1.3174047516798293,1.1849316057330805,4.0,15.35483870967742,15.0,-0.5,13.82,,1.0828571428571419,-0.4519815668202778,12.1386,13.0459,0.9072999999999993,ISS yearyields,-0.8134641354130223,11.758726187519224,18.313115773409034,19.89621945875277,0,0,1
2026-04,,,,0,,,,,,14.583636363636362,1.2050458685576229,1.2052267881455414,1.2581068867897838,4.0,14.933333333333334,14.5,-0.5,13.43,,1.1536363636363625,-0.3496969696969714,13.3339,13.0437,-0.29020000000000046,ISS yearyields,-4.255916898684253,12.896745130792592,10.37374563027936,9.851496760102714,1,0,1
2026-05,,,,0,,,,,,14.105263157894736,1.2045824741009443,1.1261480406631552,1.0459558920956291,4.0,14.5,14.5,0.0,13.01,,1.0952631578947365,-0.3947368421052637,13.5977,12.9609,-0.6367999999999991,ISS yearyields,-3.4835471990550038,16.407302915154435,9.741754958351345,9.3021724872183,0,0,1
2026-06,,,,0,,,,,,14.019047619047617,1.1567474198101193,1.234505925712126,0.7689077158590463,4.0,14.425,14.25,-0.25,13.19,,0.8290476190476177,-0.4059523809523835,13.592,13.4125,-0.17950000000000088,ISS yearyields,-8.475956984888589,27.361058056344113,14.747439876028634,15.526267924534274,0,0,1
2026-07,,,,0,,,,,,14.324347826086955,1.2271738120838038,1.2273031562765935,,,14.209677419354838,14.0,-0.25,13.05,,1.274347826086954,0.1146704067321167,13.5852,13.632,0.04679999999999929,ISS yearyields,-5.186636288141722,34.69927920387846,12.332417574835704,12.017162945715826,0,1,1
2026-08,,,,0,,,,,,13.72,1.1745697397766268,1.1760911807449315,,,14.0,14.0,0.0,,,,-0.27999999999999936,13.2734,13.6322,0.3587999999999987,ISS yearyields,-2.133078208376016,32.637316537239315,13.950984670637098,13.482507315189176,0,0,1
2026-09,,,,0,,,,,,14.061363636363637,1.161567963246662,1.1599991930440368,,,14.0,14.0,0.0,,,,0.0613636363636374,11.6464,13.719,2.0725999999999996,ISS yearyields,4.034201214390953,22.37096453067246,8.389423690369561,8.50231064771757,0,0,1
