variable,n_months,n_missing,missing_months
flow_mm,45,45,2023-01…2026-09
nav_mm,45,45,2023-01…2026-09
flow_mm_pct,45,45,2023-01…2026-09
flow_bond,45,45,2023-01…2026-09
flow_bond_pct,45,45,2023-01…2026-09
rusfar_avg,45,45,2023-01…2026-09
rusfarind_ret,45,45,2023-01…2026-09
key_rate_avg,45,45,2023-01…2026-09
key_rate_eom,45,45,2023-01…2026-09
d_key_rate,45,45,2023-01…2026-09
dep_rate,45,45,2023-01…2026-09
spread_dep,45,45,2023-01…2026-09
spread_key,45,45,2023-01…2026-09
ofz_slope,45,45,2023-01…2026-09
imoex_ret,45,45,2023-01…2026-09
imoex_vol,45,45,2023-01…2026-09
fx_vol,45,45,2023-01…2026-09
