ticker,date,nav_rub,source_title,note,nav_bln
AKMM,2025-01-29,210500000000,RBC/InvestFunds,RBC article Jan 2025,210.5
AKMM,2025-02-03,209000000000,Tbank article,Tbank article Feb 2025,209.0
AKMM,2025-07-07,204700000000,Alfa Investor,Alfa Investor 7 Jul 2025,204.7
AKMM,2026-07-08,323397699876,alfacapital.ru,alfacapital.ru daily disclosure,323.397699876
AKMM,2026-07-10,323637529444,alfacapital.ru,alfacapital.ru daily disclosure,323.637529444
AKMM,2026-07-13,324020274748,alfacapital.ru,alfacapital.ru daily disclosure,324.020274748
AKMM,2026-07-14,324136257693,alfacapital.ru,alfacapital.ru daily disclosure,324.136257693
AKMM,2026-07-15,324253940852,alfacapital.ru,alfacapital.ru daily disclosure,324.253940852
AKMM,2026-07-16,324373832988,alfacapital.ru,alfacapital.ru daily disclosure,324.373832988
AKMM,2026-07-17,324495195847,alfacapital.ru,alfacapital.ru daily disclosure,324.495195847
AKMM,2026-07-20,324879439884,alfacapital.ru,alfacapital.ru daily disclosure,324.879439884
AKMM,2026-07-21,324998447178,alfacapital.ru,alfacapital.ru daily disclosure,324.998447178
AKMM,2026-07-22,325116442180,alfacapital.ru,alfacapital.ru daily disclosure,325.11644218
AKMM,2026-07-23,325235037365,alfacapital.ru,alfacapital.ru daily disclosure,325.235037365
AKMM,2026-07-24,325353229918,alfacapital.ru,alfacapital.ru daily disclosure,325.353229918
AKMM,2026-07-27,325724587959,alfacapital.ru,alfacapital.ru daily disclosure,325.724587959
AKMM,2026-07-28,325840662066,alfacapital.ru,alfacapital.ru daily disclosure,325.840662066
AKMM,2026-07-29,326757180413,alfacapital.ru,alfacapital.ru daily disclosure,326.757180413
AKMM,2026-07-30,326875557190,alfacapital.ru,alfacapital.ru daily disclosure,326.87555719
AKMM,2026-07-31,326993792788,alfacapital.ru,alfacapital.ru daily disclosure,326.993792788
AKMM,2026-08-03,327362235579,alfacapital.ru,alfacapital.ru daily disclosure,327.362235579
AKMM,2026-08-04,327481079823,alfacapital.ru,alfacapital.ru daily disclosure,327.481079823
AKMM,2026-08-05,327594577453,alfacapital.ru,alfacapital.ru daily disclosure,327.594577453
AKMM,2026-08-06,327712131912,alfacapital.ru,alfacapital.ru daily disclosure,327.712131912
AKMM,2026-08-07,327828236251,alfacapital.ru,alfacapital.ru daily disclosure,327.828236251
AKMM,2026-08-10,328196600291,alfacapital.ru,alfacapital.ru daily disclosure,328.196600291
AKMM,2026-08-11,329961849414,alfacapital.ru,alfacapital.ru daily disclosure,329.961849414
AKMM,2026-08-12,330080210230,alfacapital.ru,alfacapital.ru daily disclosure,330.08021023
AKMM,2026-08-13,330195958050,alfacapital.ru,alfacapital.ru daily disclosure,330.19595805
AKMM,2026-08-14,330963827242,alfacapital.ru,alfacapital.ru daily disclosure,330.963827242
AKMM,2026-08-17,331341398260,alfacapital.ru,alfacapital.ru daily disclosure,331.34139826
AKMM,2026-08-18,331458249681,alfacapital.ru,alfacapital.ru daily disclosure,331.458249681
AKMM,2026-08-19,331578008291,alfacapital.ru,alfacapital.ru daily disclosure,331.578008291
AKMM,2026-08-20,331698178344,alfacapital.ru,alfacapital.ru daily disclosure,331.698178344
AKMM,2026-08-21,331817443325,alfacapital.ru,alfacapital.ru daily disclosure,331.817443325
AKMM,2026-08-24,332847388518,alfacapital.ru,alfacapital.ru daily disclosure,332.847388518
AKMM,2026-08-25,332967715841,alfacapital.ru,alfacapital.ru daily disclosure,332.967715841
AKMM,2026-08-26,333087947271,alfacapital.ru,alfacapital.ru daily disclosure,333.087947271
AKMM,2026-08-27,333208051393,alfacapital.ru,alfacapital.ru daily disclosure,333.208051393
AKMM,2026-08-28,333326801289,alfacapital.ru,alfacapital.ru daily disclosure,333.326801289
AKMM,2026-08-31,333700820226,alfacapital.ru,alfacapital.ru daily disclosure,333.700820226
AKMM,2026-09-01,333821002573,alfacapital.ru,alfacapital.ru daily disclosure,333.821002573
AKMM,2026-09-02,333942431554,alfacapital.ru,alfacapital.ru daily disclosure,333.942431554
AKMM,2026-09-03,334058695597,alfacapital.ru,alfacapital.ru daily disclosure,334.058695597
AKMM,2026-09-04,334179229813,alfacapital.ru,alfacapital.ru daily disclosure,334.179229813
AKMM,2026-09-07,334561291090,alfacapital.ru,alfacapital.ru daily disclosure,334.56129109
AKMM,2026-09-08,334683099731,alfacapital.ru,alfacapital.ru daily disclosure,334.683099731
AKMM,2026-09-09,334805391625,alfacapital.ru,alfacapital.ru daily disclosure,334.805391625
AKMM,2026-09-10,334923051239,alfacapital.ru,alfacapital.ru daily disclosure,334.923051239
AKMM,2026-09-11,335040904039,alfacapital.ru,alfacapital.ru daily disclosure,335.040904039
AKMM,2026-09-14,335416144857,alfacapital.ru,alfacapital.ru daily disclosure,335.416144857
AKMM,2026-09-15,335538485884,alfacapital.ru,alfacapital.ru daily disclosure,335.538485884
AKMM,2026-09-16,335660972746,alfacapital.ru,alfacapital.ru daily disclosure,335.660972746
AKMM,2026-09-17,335784365944,alfacapital.ru,alfacapital.ru daily disclosure,335.784365944
AKMM,2026-09-18,335906568229,alfacapital.ru,alfacapital.ru daily disclosure,335.906568229
AKMM,2026-09-21,336283611009,alfacapital.ru,alfacapital.ru daily disclosure,336.283611009
AKMM,2026-09-22,336403579515,alfacapital.ru,alfacapital.ru daily disclosure,336.403579515
AKMM,2026-09-23,336526170295,alfacapital.ru,alfacapital.ru daily disclosure,336.526170295
AKMM,2026-09-24,336649537402,alfacapital.ru,alfacapital.ru daily disclosure,336.649537402
AKMM,2026-09-25,336771531131,alfacapital.ru,alfacapital.ru daily disclosure,336.771531131
AKMM,2026-09-28,337155752812,alfacapital.ru,alfacapital.ru daily disclosure,337.155752812
AKMM,2026-09-29,337278983470,alfacapital.ru,alfacapital.ru daily disclosure,337.27898347
AKMM,2026-10-01,337522317669,investfunds.ru,investfunds.ru 01.10.2026,337.522317669
AMNR,2025-01-29,37900000000,RBC/InvestFunds,RBC article Jan 2025,37.9
AMNR,2025-02-03,51100000000,Tbank article,Tbank article Feb 2025,51.1
AMNR,2026-09-30,64519540821,investfunds.ru,investfunds.ru 30.09.2026,64.519540821
BCSD,2025-07-07,29400000000,Alfa Investor,Alfa Investor 7 Jul 2025,29.4
BCSD,2026-10-01,46617067031,investfunds.ru,investfunds.ru 01.10.2026,46.617067031
LQDT,2023-01-31,4500000000,web_search,early 2023 estimate,4.5
LQDT,2023-12-31,150000000000,web_search,end 2023 ~150-164 млрд range,150.0
LQDT,2024-05-24,164000000000,VIM news,VIM press release May 2024,164.0
LQDT,2025-01-29,379600000000,RBC/InvestFunds,RBC article Jan 2025,379.6
LQDT,2025-02-03,403000000000,Tbank article,Tbank article Feb 2025,403.0
LQDT,2025-07-07,373400000000,Alfa Investor,Alfa Investor article 7 Jul 2025,373.4
LQDT,2026-01-07,497000000000,banki.ru,banki.ru article Jan 2026,497.0
LQDT,2026-03-30,580000000000,Fondium,Fondium article ~Mar 2026,580.0
LQDT,2026-09-30,793436920000,Cbonds,Cbonds 30.09.2026,793.43692
LQDT,2026-10-01,794835200463,investfunds.ru,investfunds.ru 01.10.2026,794.835200463
SBMM,2025-01-29,277600000000,RBC/InvestFunds,RBC article Jan 2025,277.6
SBMM,2025-02-03,275000000000,Tbank article,Tbank article Feb 2025,275.0
SBMM,2025-07-07,283100000000,Alfa Investor,Alfa Investor 7 Jul 2025,283.1
SBMM,2026-07-31,337500000000,rostsber.ru,rostsber.ru 31 Jul 2026,337.5
SBMM,2026-09-30,367749992019,first-am.ru,first-am.ru 30.09.2026,367.749992019
SBMM,2026-10-01,369254820219,investfunds.ru,investfunds.ru 01.10.2026,369.254820219
TMON,2025-01-29,75600000000,RBC/InvestFunds,RBC article Jan 2025,75.6
TMON,2025-02-03,77300000000,Tbank article,Tbank article Feb 2025,77.3
TMON,2025-07-07,188300000000,Alfa Investor,Alfa Investor 7 Jul 2025,188.3
TMON,2026-07-31,305000000000,rostsber.ru,rostsber.ru 31 Jul 2026,305.0
TMON,2026-09-28,321970232656,investfunds.ru,investfunds.ru 28.09.2026,321.970232656
