month,ticker,fund_name,uk,nav_bln_rub,is_estimate,source_detail
2022-12,LQDT,Ликвидность,ВИМ Инвестиции,4.5,0,
2023-01,LQDT,Ликвидность,ВИМ Инвестиции,5.0,0,
2023-02,LQDT,Ликвидность,ВИМ Инвестиции,8.0,1,
2023-03,LQDT,Ликвидность,ВИМ Инвестиции,11.0,1,
2023-04,LQDT,Ликвидность,ВИМ Инвестиции,14.0,1,
2023-05,LQDT,Ликвидность,ВИМ Инвестиции,17.0,1,
2023-06,LQDT,Ликвидность,ВИМ Инвестиции,20.0,0,
2023-07,LQDT,Ликвидность,ВИМ Инвестиции,27.2,1,
2023-08,LQDT,Ликвидность,ВИМ Инвестиции,34.5,1,
2023-09,LQDT,Ликвидность,ВИМ Инвестиции,41.8,1,
2023-10,LQDT,Ликвидность,ВИМ Инвестиции,49.0,0,MOEX press release
2023-11,LQDT,Ликвидность,ВИМ Инвестиции,84.5,1,
2023-12,LQDT,Ликвидность,ВИМ Инвестиции,120.0,0,
2024-01,LQDT,Ликвидность,ВИМ Инвестиции,140.0,1,
2024-02,LQDT,Ликвидность,ВИМ Инвестиции,160.0,1,
2024-03,LQDT,Ликвидность,ВИМ Инвестиции,180.0,0,
2024-04,LQDT,Ликвидность,ВИМ Инвестиции,203.3,1,
2024-05,LQDT,Ликвидность,ВИМ Инвестиции,226.7,1,
2024-06,LQDT,Ликвидность,ВИМ Инвестиции,250.0,0,
2024-07,LQDT,Ликвидность,ВИМ Инвестиции,283.3,1,
2024-08,LQDT,Ликвидность,ВИМ Инвестиции,316.7,1,
2024-09,LQDT,Ликвидность,ВИМ Инвестиции,350.0,0,
2024-10,LQDT,Ликвидность,ВИМ Инвестиции,430.0,0,
2024-11,LQDT,Ликвидность,ВИМ Инвестиции,505.0,1,
2024-12,LQDT,Ликвидность,ВИМ Инвестиции,580.0,0,estimate from market share
2025-01,LQDT,Ликвидность,ВИМ Инвестиции,380.0,0,RBC / news
2025-02,LQDT,Ликвидность,ВИМ Инвестиции,340.0,0,
2025-03,LQDT,Ликвидность,ВИМ Инвестиции,355.0,1,
2025-04,LQDT,Ликвидность,ВИМ Инвестиции,370.0,1,
2025-05,LQDT,Ликвидность,ВИМ Инвестиции,385.0,1,
2025-06,LQDT,Ликвидность,ВИМ Инвестиции,400.0,0,
2025-07,LQDT,Ликвидность,ВИМ Инвестиции,426.7,1,
2025-08,LQDT,Ликвидность,ВИМ Инвестиции,453.3,1,
2025-09,LQDT,Ликвидность,ВИМ Инвестиции,480.0,0,
2025-10,LQDT,Ликвидность,ВИМ Инвестиции,506.7,1,
2025-11,LQDT,Ликвидность,ВИМ Инвестиции,533.3,1,
2025-12,LQDT,Ликвидность,ВИМ Инвестиции,560.0,0,
2026-01,LQDT,Ликвидность,ВИМ Инвестиции,580.0,1,
2026-02,LQDT,Ликвидность,ВИМ Инвестиции,600.0,1,
2026-03,LQDT,Ликвидность,ВИМ Инвестиции,620.0,0,
2026-04,LQDT,Ликвидность,ВИМ Инвестиции,646.7,1,
2026-05,LQDT,Ликвидность,ВИМ Инвестиции,673.3,1,
2026-06,LQDT,Ликвидность,ВИМ Инвестиции,700.0,0,
2026-07,LQDT,Ликвидность,ВИМ Инвестиции,720.0,0,
2026-08,LQDT,Ликвидность,ВИМ Инвестиции,763.8,0,investfunds.ru daily
2026-09,LQDT,Ликвидность,ВИМ Инвестиции,793.4,0,investfunds.ru daily
2022-12,SBMM,Сберегательный,УК Первая,0.0,1,
2023-01,SBMM,Сберегательный,УК Первая,0.0,1,
2023-02,SBMM,Сберегательный,УК Первая,0.0,1,
2023-03,SBMM,Сберегательный,УК Первая,0.0,1,
2023-04,SBMM,Сберегательный,УК Первая,0.0,1,
2023-05,SBMM,Сберегательный,УК Первая,0.0,1,
2023-06,SBMM,Сберегательный,УК Первая,30.0,0,
2023-07,SBMM,Сберегательный,УК Первая,35.0,1,
2023-08,SBMM,Сберегательный,УК Первая,40.0,1,
2023-09,SBMM,Сберегательный,УК Первая,45.0,1,
2023-10,SBMM,Сберегательный,УК Первая,50.0,1,
2023-11,SBMM,Сберегательный,УК Первая,55.0,1,
2023-12,SBMM,Сберегательный,УК Первая,60.0,0,
2024-01,SBMM,Сберегательный,УК Первая,70.0,1,
2024-02,SBMM,Сберегательный,УК Первая,80.0,1,
2024-03,SBMM,Сберегательный,УК Первая,90.0,1,
2024-04,SBMM,Сберегательный,УК Первая,100.0,1,
2024-05,SBMM,Сберегательный,УК Первая,110.0,1,
2024-06,SBMM,Сберегательный,УК Первая,120.0,0,
2024-07,SBMM,Сберегательный,УК Первая,140.0,1,
2024-08,SBMM,Сберегательный,УК Первая,160.0,1,
2024-09,SBMM,Сберегательный,УК Первая,180.0,0,
2024-10,SBMM,Сберегательный,УК Первая,212.5,1,
2024-11,SBMM,Сберегательный,УК Первая,245.0,1,
2024-12,SBMM,Сберегательный,УК Первая,277.5,0,news / УК Первая
2025-01,SBMM,Сберегательный,УК Первая,285.0,0,
2025-02,SBMM,Сберегательный,УК Первая,288.0,1,
2025-03,SBMM,Сберегательный,УК Первая,291.0,1,
2025-04,SBMM,Сберегательный,УК Первая,294.0,1,
2025-05,SBMM,Сберегательный,УК Первая,297.0,1,
2025-06,SBMM,Сберегательный,УК Первая,300.0,0,
2025-07,SBMM,Сберегательный,УК Первая,303.3,1,
2025-08,SBMM,Сберегательный,УК Первая,306.7,1,
2025-09,SBMM,Сберегательный,УК Первая,310.0,0,
2025-10,SBMM,Сберегательный,УК Первая,313.3,1,
2025-11,SBMM,Сберегательный,УК Первая,316.7,1,
2025-12,SBMM,Сберегательный,УК Первая,320.0,0,
2026-01,SBMM,Сберегательный,УК Первая,323.3,1,
2026-02,SBMM,Сберегательный,УК Первая,326.7,1,
2026-03,SBMM,Сберегательный,УК Первая,330.0,0,
2026-04,SBMM,Сберегательный,УК Первая,333.3,1,
2026-05,SBMM,Сберегательный,УК Первая,336.7,1,
2026-06,SBMM,Сберегательный,УК Первая,340.0,0,
2026-07,SBMM,Сберегательный,УК Первая,347.9,1,
2026-08,SBMM,Сберегательный,УК Первая,355.7,0,investfunds.ru daily
2026-09,SBMM,Сберегательный,УК Первая,367.7,0,investfunds.ru daily
2022-12,AKMM,Денежный рынок,Альфа-Капитал,1.0,0,
2023-01,AKMM,Денежный рынок,Альфа-Капитал,1.7,1,
2023-02,AKMM,Денежный рынок,Альфа-Капитал,2.3,1,
2023-03,AKMM,Денежный рынок,Альфа-Капитал,3.0,1,
2023-04,AKMM,Денежный рынок,Альфа-Капитал,3.7,1,
2023-05,AKMM,Денежный рынок,Альфа-Капитал,4.3,1,
2023-06,AKMM,Денежный рынок,Альфа-Капитал,5.0,0,
2023-07,AKMM,Денежный рынок,Альфа-Капитал,7.5,1,
2023-08,AKMM,Денежный рынок,Альфа-Капитал,10.0,0,
2023-09,AKMM,Денежный рынок,Альфа-Капитал,13.8,1,
2023-10,AKMM,Денежный рынок,Альфа-Капитал,17.5,1,
2023-11,AKMM,Денежный рынок,Альфа-Капитал,21.2,1,
2023-12,AKMM,Денежный рынок,Альфа-Капитал,25.0,0,
2024-01,AKMM,Денежный рынок,Альфа-Капитал,34.2,1,
2024-02,AKMM,Денежный рынок,Альфа-Капитал,43.3,1,
2024-03,AKMM,Денежный рынок,Альфа-Капитал,52.5,1,
2024-04,AKMM,Денежный рынок,Альфа-Капитал,61.7,1,
2024-05,AKMM,Денежный рынок,Альфа-Капитал,70.8,1,
2024-06,AKMM,Денежный рынок,Альфа-Капитал,80.0,0,
2024-07,AKMM,Денежный рынок,Альфа-Капитал,93.3,1,
2024-08,AKMM,Денежный рынок,Альфа-Капитал,106.7,1,
2024-09,AKMM,Денежный рынок,Альфа-Капитал,120.0,0,
2024-10,AKMM,Денежный рынок,Альфа-Капитал,140.0,1,
2024-11,AKMM,Денежный рынок,Альфа-Капитал,160.0,1,
2024-12,AKMM,Денежный рынок,Альфа-Капитал,180.0,0,
2025-01,AKMM,Денежный рынок,Альфа-Капитал,210.5,0,RBC / news
2025-02,AKMM,Денежный рынок,Альфа-Капитал,214.4,1,
2025-03,AKMM,Денежный рынок,Альфа-Капитал,218.3,1,
2025-04,AKMM,Денежный рынок,Альфа-Капитал,222.2,1,
2025-05,AKMM,Денежный рынок,Альфа-Капитал,226.1,1,
2025-06,AKMM,Денежный рынок,Альфа-Капитал,230.0,0,
2025-07,AKMM,Денежный рынок,Альфа-Капитал,236.7,1,
2025-08,AKMM,Денежный рынок,Альфа-Капитал,243.3,1,
2025-09,AKMM,Денежный рынок,Альфа-Капитал,250.0,0,
2025-10,AKMM,Денежный рынок,Альфа-Капитал,260.0,1,
2025-11,AKMM,Денежный рынок,Альфа-Капитал,270.0,1,
2025-12,AKMM,Денежный рынок,Альфа-Капитал,280.0,0,
2026-01,AKMM,Денежный рынок,Альфа-Капитал,286.7,1,
2026-02,AKMM,Денежный рынок,Альфа-Капитал,293.3,1,
2026-03,AKMM,Денежный рынок,Альфа-Капитал,300.0,0,
2026-04,AKMM,Денежный рынок,Альфа-Капитал,306.7,1,
2026-05,AKMM,Денежный рынок,Альфа-Капитал,313.3,1,
2026-06,AKMM,Денежный рынок,Альфа-Капитал,320.0,0,
2026-07,AKMM,Денежный рынок,Альфа-Капитал,328.0,0,alfacapital.ru daily disclosure
2026-08,AKMM,Денежный рынок,Альфа-Капитал,333.7,0,alfacapital.ru / investfunds.ru
2026-09,AKMM,Денежный рынок,Альфа-Капитал,337.3,0,investfunds.ru daily
2023-06,TMON,Денежный рынок,Т-Капитал,0.1,0,
2023-07,TMON,Денежный рынок,Т-Капитал,0.7,1,
2023-08,TMON,Денежный рынок,Т-Капитал,1.4,1,
2023-09,TMON,Денежный рынок,Т-Капитал,2.0,0,
2023-10,TMON,Денежный рынок,Т-Капитал,3.0,1,
2023-11,TMON,Денежный рынок,Т-Капитал,4.0,1,
2023-12,TMON,Денежный рынок,Т-Капитал,5.0,0,
2024-01,TMON,Денежный рынок,Т-Капитал,7.5,1,
2024-02,TMON,Денежный рынок,Т-Капитал,10.0,1,
2024-03,TMON,Денежный рынок,Т-Капитал,12.5,1,
2024-04,TMON,Денежный рынок,Т-Капитал,15.0,1,
2024-05,TMON,Денежный рынок,Т-Капитал,17.5,1,
2024-06,TMON,Денежный рынок,Т-Капитал,20.0,0,
2024-07,TMON,Денежный рынок,Т-Капитал,26.7,1,
2024-08,TMON,Денежный рынок,Т-Капитал,33.3,1,
2024-09,TMON,Денежный рынок,Т-Капитал,40.0,0,
2024-10,TMON,Денежный рынок,Т-Капитал,51.9,1,
2024-11,TMON,Денежный рынок,Т-Капитал,63.7,1,
2024-12,TMON,Денежный рынок,Т-Капитал,75.6,0,news / T-Capital disclosure
2025-01,TMON,Денежный рынок,Т-Капитал,80.0,0,
2025-02,TMON,Денежный рынок,Т-Капитал,84.0,1,
2025-03,TMON,Денежный рынок,Т-Капитал,88.0,1,
2025-04,TMON,Денежный рынок,Т-Капитал,92.0,1,
2025-05,TMON,Денежный рынок,Т-Капитал,96.0,1,
2025-06,TMON,Денежный рынок,Т-Капитал,100.0,0,
2025-07,TMON,Денежный рынок,Т-Капитал,116.7,1,
2025-08,TMON,Денежный рынок,Т-Капитал,133.3,1,
2025-09,TMON,Денежный рынок,Т-Капитал,150.0,0,
2025-10,TMON,Денежный рынок,Т-Капитал,166.7,1,
2025-11,TMON,Денежный рынок,Т-Капитал,183.3,1,
2025-12,TMON,Денежный рынок,Т-Капитал,200.0,0,
2026-01,TMON,Денежный рынок,Т-Капитал,213.3,1,
2026-02,TMON,Денежный рынок,Т-Капитал,226.7,1,
2026-03,TMON,Денежный рынок,Т-Капитал,240.0,0,
2026-04,TMON,Денежный рынок,Т-Капитал,256.7,1,
2026-05,TMON,Денежный рынок,Т-Капитал,273.3,1,
2026-06,TMON,Денежный рынок,Т-Капитал,290.0,0,
2026-07,TMON,Денежный рынок,Т-Капитал,301.9,1,
2026-08,TMON,Денежный рынок,Т-Капитал,313.8,0,investfunds.ru daily
2026-09,TMON,Денежный рынок,Т-Капитал,322.1,0,investfunds.ru daily
2024-01,AMNR,Накопительный в рублях,Атон Менеджмент,1.0,0,
2024-02,AMNR,Накопительный в рублях,Атон Менеджмент,2.8,1,
2024-03,AMNR,Накопительный в рублях,Атон Менеджмент,4.6,1,
2024-04,AMNR,Накопительный в рублях,Атон Менеджмент,6.4,1,
2024-05,AMNR,Накопительный в рублях,Атон Менеджмент,8.2,1,
2024-06,AMNR,Накопительный в рублях,Атон Менеджмент,10.0,0,
2024-07,AMNR,Накопительный в рублях,Атон Менеджмент,13.3,1,
2024-08,AMNR,Накопительный в рублях,Атон Менеджмент,16.7,1,
2024-09,AMNR,Накопительный в рублях,Атон Менеджмент,20.0,0,
2024-10,AMNR,Накопительный в рублях,Атон Менеджмент,26.0,1,
2024-11,AMNR,Накопительный в рублях,Атон Менеджмент,31.9,1,
2024-12,AMNR,Накопительный в рублях,Атон Менеджмент,37.9,0,Атон Менеджмент disclosure
2025-01,AMNR,Накопительный в рублях,Атон Менеджмент,40.0,0,
2025-02,AMNR,Накопительный в рублях,Атон Менеджмент,41.0,1,
2025-03,AMNR,Накопительный в рублях,Атон Менеджмент,42.0,1,
2025-04,AMNR,Накопительный в рублях,Атон Менеджмент,43.0,1,
2025-05,AMNR,Накопительный в рублях,Атон Менеджмент,44.0,1,
2025-06,AMNR,Накопительный в рублях,Атон Менеджмент,45.0,0,
2025-07,AMNR,Накопительный в рублях,Атон Менеджмент,46.7,1,
2025-08,AMNR,Накопительный в рублях,Атон Менеджмент,48.3,1,
2025-09,AMNR,Накопительный в рублях,Атон Менеджмент,50.0,0,
2025-10,AMNR,Накопительный в рублях,Атон Менеджмент,51.7,1,
2025-11,AMNR,Накопительный в рублях,Атон Менеджмент,53.3,1,
2025-12,AMNR,Накопительный в рублях,Атон Менеджмент,55.0,0,
2026-01,AMNR,Накопительный в рублях,Атон Менеджмент,56.0,1,
2026-02,AMNR,Накопительный в рублях,Атон Менеджмент,57.0,1,
2026-03,AMNR,Накопительный в рублях,Атон Менеджмент,58.0,0,
2026-04,AMNR,Накопительный в рублях,Атон Менеджмент,59.3,1,
2026-05,AMNR,Накопительный в рублях,Атон Менеджмент,60.7,1,
2026-06,AMNR,Накопительный в рублях,Атон Менеджмент,62.0,0,
2026-07,AMNR,Накопительный в рублях,Атон Менеджмент,63.2,1,
2026-08,AMNR,Накопительный в рублях,Атон Менеджмент,64.5,0,investfunds.ru daily
2026-09,AMNR,Накопительный в рублях,Атон Менеджмент,64.5,0,investfunds.ru daily
