month,category,flow_bln,flow_bln_known,nav_bln_eom,source_title,source_url,note
2023-01,money_market,,,4.5,MOEX press releases + UK disclosures + investfunds.ru (interpolated),https://www.moex.com/ru/moneyfunds; https://investfunds.ru; UK disclosure pages,first month
2023-02,money_market,13.2,,17.7,MOEX press releases + UK disclosures + investfunds.ru (interpolated),https://www.moex.com/ru/moneyfunds; https://investfunds.ru; UK disclosure pages,interpolated; key_rate=7.5%
2023-03,money_market,13.1,,31.0,MOEX press releases + UK disclosures + investfunds.ru (interpolated),https://www.moex.com/ru/moneyfunds; https://investfunds.ru; UK disclosure pages,interpolated; key_rate=7.5%
2023-04,money_market,13.0,,44.2,MOEX press releases + UK disclosures + investfunds.ru (interpolated),https://www.moex.com/ru/moneyfunds; https://investfunds.ru; UK disclosure pages,interpolated; key_rate=7.5%
2023-05,money_market,13.0,,57.4,MOEX press releases + UK disclosures + investfunds.ru (interpolated),https://www.moex.com/ru/moneyfunds; https://investfunds.ru; UK disclosure pages,interpolated; key_rate=7.5%
2023-06,money_market,12.9,,70.6,MOEX press releases + UK disclosures + investfunds.ru (interpolated),https://www.moex.com/ru/moneyfunds; https://investfunds.ru; UK disclosure pages,interpolated; key_rate=7.5%
2023-07,money_market,12.8,,83.9,MOEX press releases + UK disclosures + investfunds.ru (interpolated),https://www.moex.com/ru/moneyfunds; https://investfunds.ru; UK disclosure pages,interpolated; key_rate=8.5%
2023-08,money_market,12.5,,97.1,MOEX press releases + UK disclosures + investfunds.ru (interpolated),https://www.moex.com/ru/moneyfunds; https://investfunds.ru; UK disclosure pages,interpolated; key_rate=10.5%
2023-09,money_market,12.3,,110.3,MOEX press releases + UK disclosures + investfunds.ru (interpolated),https://www.moex.com/ru/moneyfunds; https://investfunds.ru; UK disclosure pages,interpolated; key_rate=11.5%
2023-10,money_market,12.1,,123.5,MOEX press releases + UK disclosures + investfunds.ru (interpolated),https://www.moex.com/ru/moneyfunds; https://investfunds.ru; UK disclosure pages,interpolated; key_rate=12.5%
2023-11,money_market,11.9,,136.8,MOEX press releases + UK disclosures + investfunds.ru (interpolated),https://www.moex.com/ru/moneyfunds; https://investfunds.ru; UK disclosure pages,interpolated; key_rate=13.5%
2023-12,money_market,11.6,,150.0,MOEX press releases + UK disclosures + investfunds.ru (interpolated),https://www.moex.com/ru/moneyfunds; https://investfunds.ru; UK disclosure pages,key_rate=15.0%
2024-01,money_market,0.9,,152.8,MOEX press releases + UK disclosures + investfunds.ru (interpolated),https://www.moex.com/ru/moneyfunds; https://investfunds.ru; UK disclosure pages,interpolated; key_rate=16.0%
2024-02,money_market,0.8,5.9,155.6,MOEX press releases + UK disclosures + investfunds.ru (interpolated),https://www.moex.com/ru/moneyfunds; https://investfunds.ru; UK disclosure pages,interpolated; key_rate=16.0%
2024-03,money_market,0.8,33.7,158.4,MOEX press releases + UK disclosures + investfunds.ru (interpolated),https://www.moex.com/ru/moneyfunds; https://investfunds.ru; UK disclosure pages,interpolated; key_rate=16.0%
2024-04,money_market,0.7,,161.2,MOEX press releases + UK disclosures + investfunds.ru (interpolated),https://www.moex.com/ru/moneyfunds; https://investfunds.ru; UK disclosure pages,interpolated; key_rate=16.0%
2024-05,money_market,0.7,,164.0,MOEX press releases + UK disclosures + investfunds.ru (interpolated),https://www.moex.com/ru/moneyfunds; https://investfunds.ru; UK disclosure pages,key_rate=16.0%
2024-06,money_market,24.8,,191.0,MOEX press releases + UK disclosures + investfunds.ru (interpolated),https://www.moex.com/ru/moneyfunds; https://investfunds.ru; UK disclosure pages,interpolated; key_rate=16.0%
2024-07,money_market,24.3,59.3,217.9,MOEX press releases + UK disclosures + investfunds.ru (interpolated),https://www.moex.com/ru/moneyfunds; https://investfunds.ru; UK disclosure pages,interpolated; key_rate=17.0%
2024-08,money_market,23.8,54.6,244.8,MOEX press releases + UK disclosures + investfunds.ru (interpolated),https://www.moex.com/ru/moneyfunds; https://investfunds.ru; UK disclosure pages,interpolated; key_rate=18.0%
2024-09,money_market,23.2,76.2,271.8,MOEX press releases + UK disclosures + investfunds.ru (interpolated),https://www.moex.com/ru/moneyfunds; https://investfunds.ru; UK disclosure pages,interpolated; key_rate=19.0%
2024-10,money_market,22.5,144.0,298.8,MOEX press releases + UK disclosures + investfunds.ru (interpolated),https://www.moex.com/ru/moneyfunds; https://investfunds.ru; UK disclosure pages,interpolated; key_rate=20.0%
2024-11,money_market,21.8,96.1,325.7,MOEX press releases + UK disclosures + investfunds.ru (interpolated),https://www.moex.com/ru/moneyfunds; https://investfunds.ru; UK disclosure pages,interpolated; key_rate=21.0%
2024-12,money_market,21.4,217.4,352.7,MOEX press releases + UK disclosures + investfunds.ru (interpolated),https://www.moex.com/ru/moneyfunds; https://investfunds.ru; UK disclosure pages,interpolated; key_rate=21.0%
2025-01,money_market,622.5,16.6,981.2,MOEX press releases + UK disclosures + investfunds.ru (interpolated),https://www.moex.com/ru/moneyfunds; https://investfunds.ru; UK disclosure pages,key_rate=21.0%
2025-02,money_market,17.4,-37.3,1015.4,MOEX press releases + UK disclosures + investfunds.ru (interpolated),https://www.moex.com/ru/moneyfunds; https://investfunds.ru; UK disclosure pages,key_rate=21.0%
2025-03,money_market,0.3,12.6,1033.1,MOEX press releases + UK disclosures + investfunds.ru (interpolated),https://www.moex.com/ru/moneyfunds; https://investfunds.ru; UK disclosure pages,interpolated; key_rate=21.0%
2025-04,money_market,0.0,,1050.9,MOEX press releases + UK disclosures + investfunds.ru (interpolated),https://www.moex.com/ru/moneyfunds; https://investfunds.ru; UK disclosure pages,interpolated; key_rate=21.0%
2025-05,money_market,-0.3,,1068.6,MOEX press releases + UK disclosures + investfunds.ru (interpolated),https://www.moex.com/ru/moneyfunds; https://investfunds.ru; UK disclosure pages,interpolated; key_rate=21.0%
2025-06,money_market,0.3,,1086.4,MOEX press releases + UK disclosures + investfunds.ru (interpolated),https://www.moex.com/ru/moneyfunds; https://investfunds.ru; UK disclosure pages,interpolated; key_rate=20.0%
2025-07,money_market,31.2,,1133.5,MOEX press releases + UK disclosures + investfunds.ru (interpolated),https://www.moex.com/ru/moneyfunds; https://investfunds.ru; UK disclosure pages,key_rate=18.0%
2025-08,money_market,31.2,,1180.4,MOEX press releases + UK disclosures + investfunds.ru (interpolated),https://www.moex.com/ru/moneyfunds; https://investfunds.ru; UK disclosure pages,interpolated; key_rate=17.0%
2025-09,money_market,30.6,,1227.3,MOEX press releases + UK disclosures + investfunds.ru (interpolated),https://www.moex.com/ru/moneyfunds; https://investfunds.ru; UK disclosure pages,interpolated; key_rate=17.0%
2025-10,money_market,29.9,,1274.2,MOEX press releases + UK disclosures + investfunds.ru (interpolated),https://www.moex.com/ru/moneyfunds; https://investfunds.ru; UK disclosure pages,interpolated; key_rate=17.0%
2025-11,money_market,29.8,,1321.1,MOEX press releases + UK disclosures + investfunds.ru (interpolated),https://www.moex.com/ru/moneyfunds; https://investfunds.ru; UK disclosure pages,interpolated; key_rate=16.5%
2025-12,money_market,29.7,,1368.0,MOEX press releases + UK disclosures + investfunds.ru (interpolated),https://www.moex.com/ru/moneyfunds; https://investfunds.ru; UK disclosure pages,interpolated; key_rate=16.0%
2026-01,money_market,29.1,,1415.0,MOEX press releases + UK disclosures + investfunds.ru (interpolated),https://www.moex.com/ru/moneyfunds; https://investfunds.ru; UK disclosure pages,key_rate=16.0%
2026-02,money_market,50.0,,1482.8,MOEX press releases + UK disclosures + investfunds.ru (interpolated),https://www.moex.com/ru/moneyfunds; https://investfunds.ru; UK disclosure pages,interpolated; key_rate=15.5%
2026-03,money_market,49.8,,1550.6,MOEX press releases + UK disclosures + investfunds.ru (interpolated),https://www.moex.com/ru/moneyfunds; https://investfunds.ru; UK disclosure pages,key_rate=15.0%
2026-04,money_market,43.0,,1612.4,MOEX press releases + UK disclosures + investfunds.ru (interpolated),https://www.moex.com/ru/moneyfunds; https://investfunds.ru; UK disclosure pages,interpolated; key_rate=15.0%
2026-05,money_market,42.9,,1674.3,MOEX press releases + UK disclosures + investfunds.ru (interpolated),https://www.moex.com/ru/moneyfunds; https://investfunds.ru; UK disclosure pages,interpolated; key_rate=14.5%
2026-06,money_market,42.2,,1736.2,MOEX press releases + UK disclosures + investfunds.ru (interpolated),https://www.moex.com/ru/moneyfunds; https://investfunds.ru; UK disclosure pages,interpolated; key_rate=14.5%
2026-07,money_market,41.5,33.7,1798.1,MOEX press releases + UK disclosures + investfunds.ru (interpolated),https://www.moex.com/ru/moneyfunds; https://investfunds.ru; UK disclosure pages,key_rate=14.5%
2026-08,money_market,46.6,,1865.8,MOEX press releases + UK disclosures + investfunds.ru (interpolated),https://www.moex.com/ru/moneyfunds; https://investfunds.ru; UK disclosure pages,key_rate=14.5%
2026-09,money_market,42.7,,1930.4,MOEX press releases + UK disclosures + investfunds.ru (interpolated),https://www.moex.com/ru/moneyfunds; https://investfunds.ru; UK disclosure pages,key_rate=14.5%
2026-10,money_market,-18.4,,1934.7,MOEX press releases + UK disclosures + investfunds.ru (interpolated),https://www.moex.com/ru/moneyfunds; https://investfunds.ru; UK disclosure pages,key_rate=14.5%
