month,dep_rate,series_name
2014-01,6.03,"лист «ставки_руб», столбец «до 1 года, кроме ''до востребова-ния'' 6.03 5.94 5.91 6.04 6.06 6.21 6.17 6.19 6.27 6.5»"
2014-02,5.94,"лист «ставки_руб», столбец «до 1 года, кроме ''до востребова-ния'' 6.03 5.94 5.91 6.04 6.06 6.21 6.17 6.19 6.27 6.5»"
2014-03,5.91,"лист «ставки_руб», столбец «до 1 года, кроме ''до востребова-ния'' 6.03 5.94 5.91 6.04 6.06 6.21 6.17 6.19 6.27 6.5»"
2014-04,6.04,"лист «ставки_руб», столбец «до 1 года, кроме ''до востребова-ния'' 6.03 5.94 5.91 6.04 6.06 6.21 6.17 6.19 6.27 6.5»"
2014-05,6.06,"лист «ставки_руб», столбец «до 1 года, кроме ''до востребова-ния'' 6.03 5.94 5.91 6.04 6.06 6.21 6.17 6.19 6.27 6.5»"
2014-06,6.21,"лист «ставки_руб», столбец «до 1 года, кроме ''до востребова-ния'' 6.03 5.94 5.91 6.04 6.06 6.21 6.17 6.19 6.27 6.5»"
2014-07,6.17,"лист «ставки_руб», столбец «до 1 года, кроме ''до востребова-ния'' 6.03 5.94 5.91 6.04 6.06 6.21 6.17 6.19 6.27 6.5»"
2014-08,6.19,"лист «ставки_руб», столбец «до 1 года, кроме ''до востребова-ния'' 6.03 5.94 5.91 6.04 6.06 6.21 6.17 6.19 6.27 6.5»"
2014-09,6.27,"лист «ставки_руб», столбец «до 1 года, кроме ''до востребова-ния'' 6.03 5.94 5.91 6.04 6.06 6.21 6.17 6.19 6.27 6.5»"
2014-10,6.5,"лист «ставки_руб», столбец «до 1 года, кроме ''до востребова-ния'' 6.03 5.94 5.91 6.04 6.06 6.21 6.17 6.19 6.27 6.5»"
2014-11,6.75,"лист «ставки_руб», столбец «до 1 года, кроме ''до востребова-ния'' 6.03 5.94 5.91 6.04 6.06 6.21 6.17 6.19 6.27 6.5»"
2014-12,12.74,"лист «ставки_руб», столбец «до 1 года, кроме ''до востребова-ния'' 6.03 5.94 5.91 6.04 6.06 6.21 6.17 6.19 6.27 6.5»"
2015-01,12.85,"лист «ставки_руб», столбец «до 1 года, кроме ''до востребова-ния'' 6.03 5.94 5.91 6.04 6.06 6.21 6.17 6.19 6.27 6.5»"
2015-02,11.79,"лист «ставки_руб», столбец «до 1 года, кроме ''до востребова-ния'' 6.03 5.94 5.91 6.04 6.06 6.21 6.17 6.19 6.27 6.5»"
2015-03,11.67,"лист «ставки_руб», столбец «до 1 года, кроме ''до востребова-ния'' 6.03 5.94 5.91 6.04 6.06 6.21 6.17 6.19 6.27 6.5»"
2015-04,9.41,"лист «ставки_руб», столбец «до 1 года, кроме ''до востребова-ния'' 6.03 5.94 5.91 6.04 6.06 6.21 6.17 6.19 6.27 6.5»"
2015-05,9.36,"лист «ставки_руб», столбец «до 1 года, кроме ''до востребова-ния'' 6.03 5.94 5.91 6.04 6.06 6.21 6.17 6.19 6.27 6.5»"
2015-06,9.92,"лист «ставки_руб», столбец «до 1 года, кроме ''до востребова-ния'' 6.03 5.94 5.91 6.04 6.06 6.21 6.17 6.19 6.27 6.5»"
2015-07,9.23,"лист «ставки_руб», столбец «до 1 года, кроме ''до востребова-ния'' 6.03 5.94 5.91 6.04 6.06 6.21 6.17 6.19 6.27 6.5»"
2015-08,8.96,"лист «ставки_руб», столбец «до 1 года, кроме ''до востребова-ния'' 6.03 5.94 5.91 6.04 6.06 6.21 6.17 6.19 6.27 6.5»"
2015-09,8.9,"лист «ставки_руб», столбец «до 1 года, кроме ''до востребова-ния'' 6.03 5.94 5.91 6.04 6.06 6.21 6.17 6.19 6.27 6.5»"
2015-10,7.21,"лист «ставки_руб», столбец «до 1 года, кроме ''до востребова-ния'' 6.03 5.94 5.91 6.04 6.06 6.21 6.17 6.19 6.27 6.5»"
2015-11,7.79,"лист «ставки_руб», столбец «до 1 года, кроме ''до востребова-ния'' 6.03 5.94 5.91 6.04 6.06 6.21 6.17 6.19 6.27 6.5»"
2015-12,8.83,"лист «ставки_руб», столбец «до 1 года, кроме ''до востребова-ния'' 6.03 5.94 5.91 6.04 6.06 6.21 6.17 6.19 6.27 6.5»"
2016-01,8.53,"лист «ставки_руб», столбец «до 1 года, кроме ''до востребова-ния'' 6.03 5.94 5.91 6.04 6.06 6.21 6.17 6.19 6.27 6.5»"
2016-02,7.97,"лист «ставки_руб», столбец «до 1 года, кроме ''до востребова-ния'' 6.03 5.94 5.91 6.04 6.06 6.21 6.17 6.19 6.27 6.5»"
2016-03,7.71,"лист «ставки_руб», столбец «до 1 года, кроме ''до востребова-ния'' 6.03 5.94 5.91 6.04 6.06 6.21 6.17 6.19 6.27 6.5»"
2016-04,8.02,"лист «ставки_руб», столбец «до 1 года, кроме ''до востребова-ния'' 6.03 5.94 5.91 6.04 6.06 6.21 6.17 6.19 6.27 6.5»"
2016-05,7.3,"лист «ставки_руб», столбец «до 1 года, кроме ''до востребова-ния'' 6.03 5.94 5.91 6.04 6.06 6.21 6.17 6.19 6.27 6.5»"
2016-06,7.2,"лист «ставки_руб», столбец «до 1 года, кроме ''до востребова-ния'' 6.03 5.94 5.91 6.04 6.06 6.21 6.17 6.19 6.27 6.5»"
2016-07,7.06,"лист «ставки_руб», столбец «до 1 года, кроме ''до востребова-ния'' 6.03 5.94 5.91 6.04 6.06 6.21 6.17 6.19 6.27 6.5»"
2016-08,7.05,"лист «ставки_руб», столбец «до 1 года, кроме ''до востребова-ния'' 6.03 5.94 5.91 6.04 6.06 6.21 6.17 6.19 6.27 6.5»"
2016-09,6.18,"лист «ставки_руб», столбец «до 1 года, кроме ''до востребова-ния'' 6.03 5.94 5.91 6.04 6.06 6.21 6.17 6.19 6.27 6.5»"
2016-10,6.22,"лист «ставки_руб», столбец «до 1 года, кроме ''до востребова-ния'' 6.03 5.94 5.91 6.04 6.06 6.21 6.17 6.19 6.27 6.5»"
2016-11,7.0,"лист «ставки_руб», столбец «до 1 года, кроме ''до востребова-ния'' 6.03 5.94 5.91 6.04 6.06 6.21 6.17 6.19 6.27 6.5»"
2016-12,6.9,"лист «ставки_руб», столбец «до 1 года, кроме ''до востребова-ния'' 6.03 5.94 5.91 6.04 6.06 6.21 6.17 6.19 6.27 6.5»"
2017-01,6.77,"лист «ставки_руб», столбец «до 1 года, кроме ''до востребова-ния'' 6.03 5.94 5.91 6.04 6.06 6.21 6.17 6.19 6.27 6.5»"
2017-02,6.54,"лист «ставки_руб», столбец «до 1 года, кроме ''до востребова-ния'' 6.03 5.94 5.91 6.04 6.06 6.21 6.17 6.19 6.27 6.5»"
2017-03,6.08,"лист «ставки_руб», столбец «до 1 года, кроме ''до востребова-ния'' 6.03 5.94 5.91 6.04 6.06 6.21 6.17 6.19 6.27 6.5»"
2017-04,6.52,"лист «ставки_руб», столбец «до 1 года, кроме ''до востребова-ния'' 6.03 5.94 5.91 6.04 6.06 6.21 6.17 6.19 6.27 6.5»"
2017-05,6.28,"лист «ставки_руб», столбец «до 1 года, кроме ''до востребова-ния'' 6.03 5.94 5.91 6.04 6.06 6.21 6.17 6.19 6.27 6.5»"
2017-06,5.88,"лист «ставки_руб», столбец «до 1 года, кроме ''до востребова-ния'' 6.03 5.94 5.91 6.04 6.06 6.21 6.17 6.19 6.27 6.5»"
2017-07,6.28,"лист «ставки_руб», столбец «до 1 года, кроме ''до востребова-ния'' 6.03 5.94 5.91 6.04 6.06 6.21 6.17 6.19 6.27 6.5»"
2017-08,6.28,"лист «ставки_руб», столбец «до 1 года, кроме ''до востребова-ния'' 6.03 5.94 5.91 6.04 6.06 6.21 6.17 6.19 6.27 6.5»"
2017-09,5.44,"лист «ставки_руб», столбец «до 1 года, кроме ''до востребова-ния'' 6.03 5.94 5.91 6.04 6.06 6.21 6.17 6.19 6.27 6.5»"
2017-10,5.86,"лист «ставки_руб», столбец «до 1 года, кроме ''до востребова-ния'' 6.03 5.94 5.91 6.04 6.06 6.21 6.17 6.19 6.27 6.5»"
2017-11,5.28,"лист «ставки_руб», столбец «до 1 года, кроме ''до востребова-ния'' 6.03 5.94 5.91 6.04 6.06 6.21 6.17 6.19 6.27 6.5»"
2017-12,5.38,"лист «ставки_руб», столбец «до 1 года, кроме ''до востребова-ния'' 6.03 5.94 5.91 6.04 6.06 6.21 6.17 6.19 6.27 6.5»"
2018-01,5.72,"лист «ставки_руб», столбец «до 1 года, кроме ''до востребова-ния'' 6.03 5.94 5.91 6.04 6.06 6.21 6.17 6.19 6.27 6.5»"
2018-02,5.57,"лист «ставки_руб», столбец «до 1 года, кроме ''до востребова-ния'' 6.03 5.94 5.91 6.04 6.06 6.21 6.17 6.19 6.27 6.5»"
2018-03,5.59,"лист «ставки_руб», столбец «до 1 года, кроме ''до востребова-ния'' 6.03 5.94 5.91 6.04 6.06 6.21 6.17 6.19 6.27 6.5»"
2018-04,5.39,"лист «ставки_руб», столбец «до 1 года, кроме ''до востребова-ния'' 6.03 5.94 5.91 6.04 6.06 6.21 6.17 6.19 6.27 6.5»"
2018-05,5.46,"лист «ставки_руб», столбец «до 1 года, кроме ''до востребова-ния'' 6.03 5.94 5.91 6.04 6.06 6.21 6.17 6.19 6.27 6.5»"
2018-06,5.2,"лист «ставки_руб», столбец «до 1 года, кроме ''до востребова-ния'' 6.03 5.94 5.91 6.04 6.06 6.21 6.17 6.19 6.27 6.5»"
2018-07,5.13,"лист «ставки_руб», столбец «до 1 года, кроме ''до востребова-ния'' 6.03 5.94 5.91 6.04 6.06 6.21 6.17 6.19 6.27 6.5»"
2018-08,5.04,"лист «ставки_руб», столбец «до 1 года, кроме ''до востребова-ния'' 6.03 5.94 5.91 6.04 6.06 6.21 6.17 6.19 6.27 6.5»"
2018-09,5.21,"лист «ставки_руб», столбец «до 1 года, кроме ''до востребова-ния'' 6.03 5.94 5.91 6.04 6.06 6.21 6.17 6.19 6.27 6.5»"
2018-10,5.66,"лист «ставки_руб», столбец «до 1 года, кроме ''до востребова-ния'' 6.03 5.94 5.91 6.04 6.06 6.21 6.17 6.19 6.27 6.5»"
2018-11,5.98,"лист «ставки_руб», столбец «до 1 года, кроме ''до востребова-ния'' 6.03 5.94 5.91 6.04 6.06 6.21 6.17 6.19 6.27 6.5»"
2018-12,5.64,"лист «ставки_руб», столбец «до 1 года, кроме ''до востребова-ния'' 6.03 5.94 5.91 6.04 6.06 6.21 6.17 6.19 6.27 6.5»"
2019-01,6.1,"лист «ставки_руб», столбец «до 1 года, кроме ''до востребова-ния'' 6.03 5.94 5.91 6.04 6.06 6.21 6.17 6.19 6.27 6.5»"
2019-02,6.24,"лист «ставки_руб», столбец «до 1 года, кроме ''до востребова-ния'' 6.03 5.94 5.91 6.04 6.06 6.21 6.17 6.19 6.27 6.5»"
2019-03,6.12,"лист «ставки_руб», столбец «до 1 года, кроме ''до востребова-ния'' 6.03 5.94 5.91 6.04 6.06 6.21 6.17 6.19 6.27 6.5»"
2019-04,5.82,"лист «ставки_руб», столбец «до 1 года, кроме ''до востребова-ния'' 6.03 5.94 5.91 6.04 6.06 6.21 6.17 6.19 6.27 6.5»"
2019-05,5.73,"лист «ставки_руб», столбец «до 1 года, кроме ''до востребова-ния'' 6.03 5.94 5.91 6.04 6.06 6.21 6.17 6.19 6.27 6.5»"
2019-06,5.79,"лист «ставки_руб», столбец «до 1 года, кроме ''до востребова-ния'' 6.03 5.94 5.91 6.04 6.06 6.21 6.17 6.19 6.27 6.5»"
2019-07,5.41,"лист «ставки_руб», столбец «до 1 года, кроме ''до востребова-ния'' 6.03 5.94 5.91 6.04 6.06 6.21 6.17 6.19 6.27 6.5»"
2019-08,5.27,"лист «ставки_руб», столбец «до 1 года, кроме ''до востребова-ния'' 6.03 5.94 5.91 6.04 6.06 6.21 6.17 6.19 6.27 6.5»"
2019-09,5.11,"лист «ставки_руб», столбец «до 1 года, кроме ''до востребова-ния'' 6.03 5.94 5.91 6.04 6.06 6.21 6.17 6.19 6.27 6.5»"
2019-10,4.99,"лист «ставки_руб», столбец «до 1 года, кроме ''до востребова-ния'' 6.03 5.94 5.91 6.04 6.06 6.21 6.17 6.19 6.27 6.5»"
2019-11,4.58,"лист «ставки_руб», столбец «до 1 года, кроме ''до востребова-ния'' 6.03 5.94 5.91 6.04 6.06 6.21 6.17 6.19 6.27 6.5»"
2019-12,4.74,"лист «ставки_руб», столбец «до 1 года, кроме ''до востребова-ния'' 6.03 5.94 5.91 6.04 6.06 6.21 6.17 6.19 6.27 6.5»"
2020-01,4.56,"лист «ставки_руб», столбец «до 1 года, кроме ''до востребова-ния'' 6.03 5.94 5.91 6.04 6.06 6.21 6.17 6.19 6.27 6.5»"
2020-02,4.32,"лист «ставки_руб», столбец «до 1 года, кроме ''до востребова-ния'' 6.03 5.94 5.91 6.04 6.06 6.21 6.17 6.19 6.27 6.5»"
2020-03,4.32,"лист «ставки_руб», столбец «до 1 года, кроме ''до востребова-ния'' 6.03 5.94 5.91 6.04 6.06 6.21 6.17 6.19 6.27 6.5»"
2020-04,4.83,"лист «ставки_руб», столбец «до 1 года, кроме ''до востребова-ния'' 6.03 5.94 5.91 6.04 6.06 6.21 6.17 6.19 6.27 6.5»"
2020-05,4.11,"лист «ставки_руб», столбец «до 1 года, кроме ''до востребова-ния'' 6.03 5.94 5.91 6.04 6.06 6.21 6.17 6.19 6.27 6.5»"
2020-06,4.0,"лист «ставки_руб», столбец «до 1 года, кроме ''до востребова-ния'' 6.03 5.94 5.91 6.04 6.06 6.21 6.17 6.19 6.27 6.5»"
2020-07,3.51,"лист «ставки_руб», столбец «до 1 года, кроме ''до востребова-ния'' 6.03 5.94 5.91 6.04 6.06 6.21 6.17 6.19 6.27 6.5»"
2020-08,3.24,"лист «ставки_руб», столбец «до 1 года, кроме ''до востребова-ния'' 6.03 5.94 5.91 6.04 6.06 6.21 6.17 6.19 6.27 6.5»"
2020-09,3.32,"лист «ставки_руб», столбец «до 1 года, кроме ''до востребова-ния'' 6.03 5.94 5.91 6.04 6.06 6.21 6.17 6.19 6.27 6.5»"
2020-10,3.3,"лист «ставки_руб», столбец «до 1 года, кроме ''до востребова-ния'' 6.03 5.94 5.91 6.04 6.06 6.21 6.17 6.19 6.27 6.5»"
2020-11,3.25,"лист «ставки_руб», столбец «до 1 года, кроме ''до востребова-ния'' 6.03 5.94 5.91 6.04 6.06 6.21 6.17 6.19 6.27 6.5»"
2020-12,3.42,"лист «ставки_руб», столбец «до 1 года, кроме ''до востребова-ния'' 6.03 5.94 5.91 6.04 6.06 6.21 6.17 6.19 6.27 6.5»"
2021-01,3.42,"лист «ставки_руб», столбец «до 1 года, кроме ''до востребова-ния'' 6.03 5.94 5.91 6.04 6.06 6.21 6.17 6.19 6.27 6.5»"
2021-02,3.21,"лист «ставки_руб», столбец «до 1 года, кроме ''до востребова-ния'' 6.03 5.94 5.91 6.04 6.06 6.21 6.17 6.19 6.27 6.5»"
2021-03,3.25,"лист «ставки_руб», столбец «до 1 года, кроме ''до востребова-ния'' 6.03 5.94 5.91 6.04 6.06 6.21 6.17 6.19 6.27 6.5»"
2021-04,3.36,"лист «ставки_руб», столбец «до 1 года, кроме ''до востребова-ния'' 6.03 5.94 5.91 6.04 6.06 6.21 6.17 6.19 6.27 6.5»"
2021-05,3.33,"лист «ставки_руб», столбец «до 1 года, кроме ''до востребова-ния'' 6.03 5.94 5.91 6.04 6.06 6.21 6.17 6.19 6.27 6.5»"
2021-06,3.43,"лист «ставки_руб», столбец «до 1 года, кроме ''до востребова-ния'' 6.03 5.94 5.91 6.04 6.06 6.21 6.17 6.19 6.27 6.5»"
2021-07,3.64,"лист «ставки_руб», столбец «до 1 года, кроме ''до востребова-ния'' 6.03 5.94 5.91 6.04 6.06 6.21 6.17 6.19 6.27 6.5»"
2021-08,3.87,"лист «ставки_руб», столбец «до 1 года, кроме ''до востребова-ния'' 6.03 5.94 5.91 6.04 6.06 6.21 6.17 6.19 6.27 6.5»"
2021-09,4.14,"лист «ставки_руб», столбец «до 1 года, кроме ''до востребова-ния'' 6.03 5.94 5.91 6.04 6.06 6.21 6.17 6.19 6.27 6.5»"
2021-10,4.34,"лист «ставки_руб», столбец «до 1 года, кроме ''до востребова-ния'' 6.03 5.94 5.91 6.04 6.06 6.21 6.17 6.19 6.27 6.5»"
2021-11,4.6,"лист «ставки_руб», столбец «до 1 года, кроме ''до востребова-ния'' 6.03 5.94 5.91 6.04 6.06 6.21 6.17 6.19 6.27 6.5»"
2021-12,5.05,"лист «ставки_руб», столбец «до 1 года, кроме ''до востребова-ния'' 6.03 5.94 5.91 6.04 6.06 6.21 6.17 6.19 6.27 6.5»"
2022-01,5.08,"лист «ставки_руб», столбец «до 1 года, кроме ''до востребова-ния'' 6.03 5.94 5.91 6.04 6.06 6.21 6.17 6.19 6.27 6.5»"
2022-02,6.37,"лист «ставки_руб», столбец «до 1 года, кроме ''до востребова-ния'' 6.03 5.94 5.91 6.04 6.06 6.21 6.17 6.19 6.27 6.5»"
2022-03,18.79,"лист «ставки_руб», столбец «до 1 года, кроме ''до востребова-ния'' 6.03 5.94 5.91 6.04 6.06 6.21 6.17 6.19 6.27 6.5»"
2022-04,14.03,"лист «ставки_руб», столбец «до 1 года, кроме ''до востребова-ния'' 6.03 5.94 5.91 6.04 6.06 6.21 6.17 6.19 6.27 6.5»"
2022-05,8.06,"лист «ставки_руб», столбец «до 1 года, кроме ''до востребова-ния'' 6.03 5.94 5.91 6.04 6.06 6.21 6.17 6.19 6.27 6.5»"
2022-06,6.97,"лист «ставки_руб», столбец «до 1 года, кроме ''до востребова-ния'' 6.03 5.94 5.91 6.04 6.06 6.21 6.17 6.19 6.27 6.5»"
2022-07,6.21,"лист «ставки_руб», столбец «до 1 года, кроме ''до востребова-ния'' 6.03 5.94 5.91 6.04 6.06 6.21 6.17 6.19 6.27 6.5»"
2022-08,5.06,"лист «ставки_руб», столбец «до 1 года, кроме ''до востребова-ния'' 6.03 5.94 5.91 6.04 6.06 6.21 6.17 6.19 6.27 6.5»"
2022-09,5.55,"лист «ставки_руб», столбец «до 1 года, кроме ''до востребова-ния'' 6.03 5.94 5.91 6.04 6.06 6.21 6.17 6.19 6.27 6.5»"
2022-10,5.17,"лист «ставки_руб», столбец «до 1 года, кроме ''до востребова-ния'' 6.03 5.94 5.91 6.04 6.06 6.21 6.17 6.19 6.27 6.5»"
2022-11,5.35,"лист «ставки_руб», столбец «до 1 года, кроме ''до востребова-ния'' 6.03 5.94 5.91 6.04 6.06 6.21 6.17 6.19 6.27 6.5»"
2022-12,5.48,"лист «ставки_руб», столбец «до 1 года, кроме ''до востребова-ния'' 6.03 5.94 5.91 6.04 6.06 6.21 6.17 6.19 6.27 6.5»"
2023-01,5.35,"лист «ставки_руб», столбец «до 1 года, кроме ''до востребова-ния'' 6.03 5.94 5.91 6.04 6.06 6.21 6.17 6.19 6.27 6.5»"
2023-02,5.42,"лист «ставки_руб», столбец «до 1 года, кроме ''до востребова-ния'' 6.03 5.94 5.91 6.04 6.06 6.21 6.17 6.19 6.27 6.5»"
2023-03,5.81,"лист «ставки_руб», столбец «до 1 года, кроме ''до востребова-ния'' 6.03 5.94 5.91 6.04 6.06 6.21 6.17 6.19 6.27 6.5»"
2023-04,5.68,"лист «ставки_руб», столбец «до 1 года, кроме ''до востребова-ния'' 6.03 5.94 5.91 6.04 6.06 6.21 6.17 6.19 6.27 6.5»"
2023-05,5.52,"лист «ставки_руб», столбец «до 1 года, кроме ''до востребова-ния'' 6.03 5.94 5.91 6.04 6.06 6.21 6.17 6.19 6.27 6.5»"
2023-06,5.4,"лист «ставки_руб», столбец «до 1 года, кроме ''до востребова-ния'' 6.03 5.94 5.91 6.04 6.06 6.21 6.17 6.19 6.27 6.5»"
2023-07,5.75,"лист «ставки_руб», столбец «до 1 года, кроме ''до востребова-ния'' 6.03 5.94 5.91 6.04 6.06 6.21 6.17 6.19 6.27 6.5»"
2023-08,8.64,"лист «ставки_руб», столбец «до 1 года, кроме ''до востребова-ния'' 6.03 5.94 5.91 6.04 6.06 6.21 6.17 6.19 6.27 6.5»"
2023-09,9.47,"лист «ставки_руб», столбец «до 1 года, кроме ''до востребова-ния'' 6.03 5.94 5.91 6.04 6.06 6.21 6.17 6.19 6.27 6.5»"
2023-10,10.06,"лист «ставки_руб», столбец «до 1 года, кроме ''до востребова-ния'' 6.03 5.94 5.91 6.04 6.06 6.21 6.17 6.19 6.27 6.5»"
2023-11,11.73,"лист «ставки_руб», столбец «до 1 года, кроме ''до востребова-ния'' 6.03 5.94 5.91 6.04 6.06 6.21 6.17 6.19 6.27 6.5»"
2023-12,12.89,"лист «ставки_руб», столбец «до 1 года, кроме ''до востребова-ния'' 6.03 5.94 5.91 6.04 6.06 6.21 6.17 6.19 6.27 6.5»"
2024-01,14.49,"лист «ставки_руб», столбец «до 1 года, кроме ''до востребова-ния'' 6.03 5.94 5.91 6.04 6.06 6.21 6.17 6.19 6.27 6.5»"
2024-02,14.61,"лист «ставки_руб», столбец «до 1 года, кроме ''до востребова-ния'' 6.03 5.94 5.91 6.04 6.06 6.21 6.17 6.19 6.27 6.5»"
2024-03,14.67,"лист «ставки_руб», столбец «до 1 года, кроме ''до востребова-ния'' 6.03 5.94 5.91 6.04 6.06 6.21 6.17 6.19 6.27 6.5»"
2024-04,14.81,"лист «ставки_руб», столбец «до 1 года, кроме ''до востребова-ния'' 6.03 5.94 5.91 6.04 6.06 6.21 6.17 6.19 6.27 6.5»"
2024-05,15.09,"лист «ставки_руб», столбец «до 1 года, кроме ''до востребова-ния'' 6.03 5.94 5.91 6.04 6.06 6.21 6.17 6.19 6.27 6.5»"
2024-06,16.45,"лист «ставки_руб», столбец «до 1 года, кроме ''до востребова-ния'' 6.03 5.94 5.91 6.04 6.06 6.21 6.17 6.19 6.27 6.5»"
2024-07,16.33,"лист «ставки_руб», столбец «до 1 года, кроме ''до востребова-ния'' 6.03 5.94 5.91 6.04 6.06 6.21 6.17 6.19 6.27 6.5»"
2024-08,16.76,"лист «ставки_руб», столбец «до 1 года, кроме ''до востребова-ния'' 6.03 5.94 5.91 6.04 6.06 6.21 6.17 6.19 6.27 6.5»"
2024-09,17.59,"лист «ставки_руб», столбец «до 1 года, кроме ''до востребова-ния'' 6.03 5.94 5.91 6.04 6.06 6.21 6.17 6.19 6.27 6.5»"
2024-10,18.96,"лист «ставки_руб», столбец «до 1 года, кроме ''до востребова-ния'' 6.03 5.94 5.91 6.04 6.06 6.21 6.17 6.19 6.27 6.5»"
2024-11,20.54,"лист «ставки_руб», столбец «до 1 года, кроме ''до востребова-ния'' 6.03 5.94 5.91 6.04 6.06 6.21 6.17 6.19 6.27 6.5»"
2024-12,21.57,"лист «ставки_руб», столбец «до 1 года, кроме ''до востребова-ния'' 6.03 5.94 5.91 6.04 6.06 6.21 6.17 6.19 6.27 6.5»"
2025-01,21.1,"лист «ставки_руб», столбец «до 1 года, кроме ''до востребова-ния'' 6.03 5.94 5.91 6.04 6.06 6.21 6.17 6.19 6.27 6.5»"
2025-02,21.0,"лист «ставки_руб», столбец «до 1 года, кроме ''до востребова-ния'' 6.03 5.94 5.91 6.04 6.06 6.21 6.17 6.19 6.27 6.5»"
2025-03,20.19,"лист «ставки_руб», столбец «до 1 года, кроме ''до востребова-ния'' 6.03 5.94 5.91 6.04 6.06 6.21 6.17 6.19 6.27 6.5»"
2025-04,19.32,"лист «ставки_руб», столбец «до 1 года, кроме ''до востребова-ния'' 6.03 5.94 5.91 6.04 6.06 6.21 6.17 6.19 6.27 6.5»"
2025-05,19.39,"лист «ставки_руб», столбец «до 1 года, кроме ''до востребова-ния'' 6.03 5.94 5.91 6.04 6.06 6.21 6.17 6.19 6.27 6.5»"
2025-06,18.71,"лист «ставки_руб», столбец «до 1 года, кроме ''до востребова-ния'' 6.03 5.94 5.91 6.04 6.06 6.21 6.17 6.19 6.27 6.5»"
2025-07,17.41,"лист «ставки_руб», столбец «до 1 года, кроме ''до востребова-ния'' 6.03 5.94 5.91 6.04 6.06 6.21 6.17 6.19 6.27 6.5»"
2025-08,15.71,"лист «ставки_руб», столбец «до 1 года, кроме ''до востребова-ния'' 6.03 5.94 5.91 6.04 6.06 6.21 6.17 6.19 6.27 6.5»"
2025-09,15.45,"лист «ставки_руб», столбец «до 1 года, кроме ''до востребова-ния'' 6.03 5.94 5.91 6.04 6.06 6.21 6.17 6.19 6.27 6.5»"
2025-10,15.46,"лист «ставки_руб», столбец «до 1 года, кроме ''до востребова-ния'' 6.03 5.94 5.91 6.04 6.06 6.21 6.17 6.19 6.27 6.5»"
2025-11,15.4,"лист «ставки_руб», столбец «до 1 года, кроме ''до востребова-ния'' 6.03 5.94 5.91 6.04 6.06 6.21 6.17 6.19 6.27 6.5»"
2025-12,15.49,"лист «ставки_руб», столбец «до 1 года, кроме ''до востребова-ния'' 6.03 5.94 5.91 6.04 6.06 6.21 6.17 6.19 6.27 6.5»"
2026-01,14.76,"лист «ставки_руб», столбец «до 1 года, кроме ''до востребова-ния'' 6.03 5.94 5.91 6.04 6.06 6.21 6.17 6.19 6.27 6.5»"
2026-02,14.36,"лист «ставки_руб», столбец «до 1 года, кроме ''до востребова-ния'' 6.03 5.94 5.91 6.04 6.06 6.21 6.17 6.19 6.27 6.5»"
2026-03,13.82,"лист «ставки_руб», столбец «до 1 года, кроме ''до востребова-ния'' 6.03 5.94 5.91 6.04 6.06 6.21 6.17 6.19 6.27 6.5»"
2026-04,13.43,"лист «ставки_руб», столбец «до 1 года, кроме ''до востребова-ния'' 6.03 5.94 5.91 6.04 6.06 6.21 6.17 6.19 6.27 6.5»"
2026-05,13.01,"лист «ставки_руб», столбец «до 1 года, кроме ''до востребова-ния'' 6.03 5.94 5.91 6.04 6.06 6.21 6.17 6.19 6.27 6.5»"
2026-06,13.19,"лист «ставки_руб», столбец «до 1 года, кроме ''до востребова-ния'' 6.03 5.94 5.91 6.04 6.06 6.21 6.17 6.19 6.27 6.5»"
2026-07,13.05,"лист «ставки_руб», столбец «до 1 года, кроме ''до востребова-ния'' 6.03 5.94 5.91 6.04 6.06 6.21 6.17 6.19 6.27 6.5»"
