date,ticker,value
2022-07-22,LQDT,1.1674
2022-07-25,LQDT,1.1676
2022-07-26,LQDT,1.168
2022-07-27,LQDT,1.1684
2022-07-28,LQDT,1.1689
2022-07-29,LQDT,1.1693
2022-08-01,LQDT,1.1696
2022-08-02,LQDT,1.1698
2022-08-03,LQDT,1.1701
2022-08-04,LQDT,1.1708
2022-08-05,LQDT,1.171
2022-08-08,LQDT,1.171
2022-08-09,LQDT,1.1712
2022-08-10,LQDT,1.1716
2022-08-11,LQDT,1.1724
2022-08-12,LQDT,1.1727
2022-08-15,LQDT,1.1728
2022-08-16,LQDT,1.1729
2022-08-17,LQDT,1.1734
2022-08-18,LQDT,1.1741
2022-08-19,LQDT,1.1741
2022-08-22,LQDT,1.1744
2022-08-23,LQDT,1.1747
2022-08-24,LQDT,1.175
2022-08-25,LQDT,1.1758
2022-08-26,LQDT,1.1759
2022-08-29,LQDT,1.1762
2022-08-30,LQDT,1.1763
2022-08-31,LQDT,1.1766
2022-09-01,LQDT,1.1774
2022-09-02,LQDT,1.1777
2022-09-05,LQDT,1.178
2022-09-06,LQDT,1.178
2022-09-07,LQDT,1.1783
2022-09-08,LQDT,1.1792
2022-09-09,LQDT,1.1793
2022-09-12,LQDT,1.1796
2022-09-13,LQDT,1.1798
2022-09-14,LQDT,1.1798
2022-09-15,LQDT,1.1806
2022-09-16,LQDT,1.181
2022-09-19,LQDT,1.1811
2022-09-20,LQDT,1.1813
2022-09-21,LQDT,1.1814
2022-09-22,LQDT,1.1822
2022-09-23,LQDT,1.1823
2022-09-26,LQDT,1.1825
2022-09-27,LQDT,1.183
2022-09-28,LQDT,1.1831
2022-09-29,LQDT,1.1838
2022-09-30,LQDT,1.184
2022-10-03,LQDT,1.1844
2022-10-04,LQDT,1.1847
2022-10-05,LQDT,1.1849
2022-10-06,LQDT,1.1856
2022-10-07,LQDT,1.1858
2022-10-10,LQDT,1.1861
2022-10-11,LQDT,1.1864
2022-10-12,LQDT,1.1866
2022-10-13,LQDT,1.1873
2022-10-14,LQDT,1.1873
2022-10-17,LQDT,1.1875
2022-10-18,LQDT,1.1879
2022-10-19,LQDT,1.1882
2022-10-20,LQDT,1.1889
2022-10-21,LQDT,1.1891
2022-10-24,LQDT,1.1891
2022-10-25,LQDT,1.1894
2022-10-26,LQDT,1.1898
2022-10-27,LQDT,1.1904
2022-10-28,LQDT,1.1907
2022-10-31,LQDT,1.1909
2022-11-01,LQDT,1.1911
2022-11-02,LQDT,1.192
2022-11-03,LQDT,1.1923
2022-11-07,LQDT,1.1923
2022-11-08,LQDT,1.1925
2022-11-09,LQDT,1.1928
2022-11-10,LQDT,1.1936
2022-11-11,LQDT,1.1937
2022-11-14,LQDT,1.1939
2022-11-15,LQDT,1.1942
2022-11-16,LQDT,1.1946
2022-11-17,LQDT,1.1953
2022-11-18,LQDT,1.1954
2022-11-21,LQDT,1.1957
2022-11-22,LQDT,1.1959
2022-11-23,LQDT,1.1961
2022-11-24,LQDT,1.1968
2022-11-25,LQDT,1.197
2022-11-28,LQDT,1.1971
2022-11-29,LQDT,1.1973
2022-11-30,LQDT,1.1976
2022-12-01,LQDT,1.1983
2022-12-02,LQDT,1.1985
2022-12-05,LQDT,1.1986
2022-12-06,LQDT,1.1989
2022-12-07,LQDT,1.1992
2022-12-08,LQDT,1.1998
2022-12-09,LQDT,1.2001
2022-12-12,LQDT,1.2003
2022-12-13,LQDT,1.2004
2022-12-14,LQDT,1.2007
2022-12-15,LQDT,1.2013
2022-12-16,LQDT,1.2016
2022-12-19,LQDT,1.2018
2022-12-20,LQDT,1.2019
2022-12-21,LQDT,1.2023
2022-12-22,LQDT,1.2029
2022-12-23,LQDT,1.2031
2022-12-26,LQDT,1.2033
2022-12-27,LQDT,1.2036
2022-12-28,LQDT,1.2038
2022-12-29,LQDT,1.2049
2022-12-30,LQDT,1.2051
2023-01-03,LQDT,1.2055
2023-01-04,LQDT,1.2058
2023-01-05,LQDT,1.2064
2023-01-06,LQDT,1.2066
2023-01-09,LQDT,1.2069
2023-01-10,LQDT,1.2071
2023-01-11,LQDT,1.2074
2023-01-12,LQDT,1.2078
2023-01-13,LQDT,1.2081
2023-01-16,LQDT,1.2083
2023-01-17,LQDT,1.2083
2023-01-18,LQDT,1.2087
2023-01-19,LQDT,1.2093
2023-01-20,LQDT,1.2096
2023-01-23,LQDT,1.2098
2023-01-24,LQDT,1.2099
2023-01-25,LQDT,1.2101
2023-01-26,LQDT,1.2109
2023-01-27,LQDT,1.2111
2023-01-30,LQDT,1.2111
2023-01-31,LQDT,1.2113
2023-02-01,LQDT,1.2116
2023-02-02,LQDT,1.2123
2023-02-03,LQDT,1.2126
2023-02-06,LQDT,1.2127
2023-02-07,LQDT,1.213
2023-02-08,LQDT,1.213
2023-02-09,LQDT,1.2139
2023-02-10,LQDT,1.2141
2023-02-13,LQDT,1.2142
2023-02-14,LQDT,1.2145
2023-02-15,LQDT,1.2146
2023-02-16,LQDT,1.2153
2023-02-17,LQDT,1.2155
2023-02-20,LQDT,1.2157
2023-02-21,LQDT,1.216
2023-02-22,LQDT,1.217
2023-02-24,LQDT,1.2172
2023-02-27,LQDT,1.2173
2023-02-28,LQDT,1.2175
2023-03-01,LQDT,1.2178
2023-03-02,LQDT,1.2187
2023-03-03,LQDT,1.2189
2023-03-06,LQDT,1.2193
2023-03-07,LQDT,1.2195
2023-03-09,LQDT,1.2203
2023-03-10,LQDT,1.2205
2023-03-13,LQDT,1.2208
2023-03-14,LQDT,1.221
2023-03-15,LQDT,1.2212
2023-03-16,LQDT,1.2218
2023-03-17,LQDT,1.2219
2023-03-20,LQDT,1.2221
2023-03-21,LQDT,1.2224
2023-03-22,LQDT,1.2227
2023-03-23,LQDT,1.2232
2023-03-24,LQDT,1.2236
2023-03-27,LQDT,1.2236
2023-03-28,LQDT,1.224
2023-03-29,LQDT,1.2243
2023-03-30,LQDT,1.225
2023-03-31,LQDT,1.2265
2023-04-03,LQDT,1.2264
2023-04-04,LQDT,1.2267
2023-04-05,LQDT,1.2268
2023-04-06,LQDT,1.2268
2023-04-07,LQDT,1.2269
2023-04-10,LQDT,1.227
2023-04-11,LQDT,1.2273
2023-04-12,LQDT,1.2274
2023-04-13,LQDT,1.2281
2023-04-14,LQDT,1.2284
2023-04-17,LQDT,1.2286
2023-04-18,LQDT,1.2289
2023-04-19,LQDT,1.2291
2023-04-20,LQDT,1.2298
2023-04-21,LQDT,1.23
2023-04-24,LQDT,1.2302
2023-04-25,LQDT,1.2304
2023-04-26,LQDT,1.2307
2023-04-27,LQDT,1.2314
2023-04-28,LQDT,1.2318
2023-05-02,LQDT,1.232
2023-05-03,LQDT,1.2322
2023-05-04,LQDT,1.2328
2023-05-05,LQDT,1.2332
2023-05-08,LQDT,1.2336
2023-05-10,LQDT,1.2335
2023-05-11,LQDT,1.2344
2023-05-12,LQDT,1.2346
2023-05-15,LQDT,1.2348
2023-05-16,LQDT,1.2349
2023-05-17,LQDT,1.2353
2023-05-18,LQDT,1.2361
2023-05-19,LQDT,1.2363
2023-05-22,LQDT,1.2365
2023-05-23,LQDT,1.2367
2023-05-24,LQDT,1.2371
2023-05-25,LQDT,1.2374
2023-05-26,LQDT,1.238
2023-05-29,LQDT,1.2381
2023-05-30,LQDT,1.2385
2023-05-31,LQDT,1.2387
2023-06-01,LQDT,1.2394
2023-06-02,LQDT,1.2397
2023-06-05,LQDT,1.2399
2023-06-06,LQDT,1.2401
2023-06-07,LQDT,1.2403
2023-06-08,LQDT,1.241
2023-06-09,LQDT,1.2415
2023-06-13,LQDT,1.2416
2023-06-14,LQDT,1.2418
2023-06-15,LQDT,1.2426
2023-06-16,LQDT,1.2429
2023-06-19,LQDT,1.2431
2023-06-20,LQDT,1.2433
2023-06-21,LQDT,1.2436
2023-06-22,LQDT,1.2441
2023-06-23,LQDT,1.2444
2023-06-26,LQDT,1.2447
2023-06-27,LQDT,1.2449
2023-06-28,LQDT,1.245
2023-06-29,LQDT,1.2454
2023-06-30,LQDT,1.2463
2023-07-03,LQDT,1.2464
2023-07-04,LQDT,1.2466
2023-07-05,LQDT,1.2468
2023-07-06,LQDT,1.2475
2023-07-07,LQDT,1.2477
2023-07-10,LQDT,1.2476
2023-07-11,LQDT,1.2482
2023-07-12,LQDT,1.2484
2023-07-13,LQDT,1.2491
2023-07-14,LQDT,1.2493
2023-07-17,LQDT,1.2495
2023-07-18,LQDT,1.2498
2023-07-19,LQDT,1.2501
2023-07-20,LQDT,1.2509
2023-07-21,LQDT,1.2512
2023-07-24,LQDT,1.2515
2023-07-25,LQDT,1.2517
2023-07-26,LQDT,1.252
2023-07-27,LQDT,1.2528
2023-07-28,LQDT,1.2528
2023-07-31,LQDT,1.2526
2023-08-01,LQDT,1.2532
2023-08-02,LQDT,1.2535
2023-08-03,LQDT,1.2538
2023-08-04,LQDT,1.2547
2023-08-07,LQDT,1.2548
2023-08-08,LQDT,1.2551
2023-08-09,LQDT,1.2554
2023-08-10,LQDT,1.2556
2023-08-11,LQDT,1.2564
2023-08-14,LQDT,1.2568
2023-08-15,LQDT,1.2576
2023-08-16,LQDT,1.26
2023-08-17,LQDT,1.2605
2023-08-18,LQDT,1.2605
2023-08-21,LQDT,1.2616
2023-08-22,LQDT,1.2609
2023-08-23,LQDT,1.2611
2023-08-24,LQDT,1.2617
2023-08-25,LQDT,1.2622
2023-08-28,LQDT,1.2624
2023-08-29,LQDT,1.2628
2023-08-30,LQDT,1.2632
2023-08-31,LQDT,1.2632
2023-09-01,LQDT,1.2644
2023-09-04,LQDT,1.2651
2023-09-05,LQDT,1.2655
2023-09-06,LQDT,1.2658
2023-09-07,LQDT,1.2664
2023-09-08,LQDT,1.2678
2023-09-11,LQDT,1.2682
2023-09-12,LQDT,1.2689
2023-09-13,LQDT,1.2687
2023-09-14,LQDT,1.2692
2023-09-15,LQDT,1.2702
2023-09-18,LQDT,1.2706
2023-09-19,LQDT,1.271
2023-09-20,LQDT,1.2718
2023-09-21,LQDT,1.2726
2023-09-22,LQDT,1.2738
2023-09-25,LQDT,1.274
2023-09-26,LQDT,1.2742
2023-09-27,LQDT,1.2746
2023-09-28,LQDT,1.2748
2023-09-29,LQDT,1.2762
2023-10-02,LQDT,1.2768
2023-10-03,LQDT,1.28
2023-10-04,LQDT,1.2804
2023-10-05,LQDT,1.2798
2023-10-06,LQDT,1.2795
2023-10-09,LQDT,1.2797
2023-10-10,LQDT,1.2802
2023-10-11,LQDT,1.2805
2023-10-12,LQDT,1.2809
2023-10-13,LQDT,1.2823
2023-10-16,LQDT,1.2825
2023-10-17,LQDT,1.283
2023-10-18,LQDT,1.2836
2023-10-19,LQDT,1.2841
2023-10-20,LQDT,1.2853
2023-10-23,LQDT,1.2858
2023-10-24,LQDT,1.2861
2023-10-25,LQDT,1.2868
2023-10-26,LQDT,1.2872
2023-10-27,LQDT,1.2883
2023-10-30,LQDT,1.2889
2023-10-31,LQDT,1.2895
2023-11-01,LQDT,1.2899
2023-11-02,LQDT,1.2904
2023-11-03,LQDT,1.2918
2023-11-06,LQDT,1.2924
2023-11-07,LQDT,1.2928
2023-11-08,LQDT,1.2933
2023-11-09,LQDT,1.2939
2023-11-10,LQDT,1.2952
2023-11-13,LQDT,1.2957
2023-11-14,LQDT,1.2962
2023-11-15,LQDT,1.2967
2023-11-16,LQDT,1.2971
2023-11-17,LQDT,1.2986
2023-11-20,LQDT,1.2991
2023-11-21,LQDT,1.2996
2023-11-22,LQDT,1.3001
2023-11-23,LQDT,1.3006
2023-11-24,LQDT,1.3021
2023-11-27,LQDT,1.3027
2023-11-28,LQDT,1.3033
2023-11-29,LQDT,1.3038
2023-11-30,LQDT,1.3043
2023-12-01,LQDT,1.3059
2023-12-04,LQDT,1.3064
2023-12-05,LQDT,1.3069
2023-12-06,LQDT,1.3074
2023-12-07,LQDT,1.3079
2023-12-08,LQDT,1.3095
2023-12-11,LQDT,1.3101
2023-12-12,LQDT,1.3105
2023-12-13,LQDT,1.3109
2023-12-14,LQDT,1.3112
2023-12-15,LQDT,1.3132
2023-12-18,LQDT,1.3138
2023-12-19,LQDT,1.3142
2023-12-20,LQDT,1.3148
2023-12-21,LQDT,1.3154
2023-12-22,LQDT,1.317
2023-12-25,LQDT,1.3175
2023-12-26,LQDT,1.3181
2023-12-27,LQDT,1.3186
2023-12-28,LQDT,1.32
2023-12-29,LQDT,1.322
2024-01-03,LQDT,1.3226
2024-01-04,LQDT,1.3232
2024-01-05,LQDT,1.3248
2024-01-08,LQDT,1.325
2024-01-09,LQDT,1.3254
2024-01-10,LQDT,1.3259
2024-01-11,LQDT,1.3264
2024-01-12,LQDT,1.3282
2024-01-15,LQDT,1.3288
2024-01-16,LQDT,1.3292
2024-01-17,LQDT,1.3294
2024-01-18,LQDT,1.3302
2024-01-19,LQDT,1.3322
2024-01-22,LQDT,1.3328
2024-01-23,LQDT,1.3335
2024-01-24,LQDT,1.3341
2024-01-25,LQDT,1.3347
2024-01-26,LQDT,1.3365
2024-01-29,LQDT,1.3369
2024-01-30,LQDT,1.3375
2024-01-31,LQDT,1.3378
2024-02-01,LQDT,1.3384
2024-02-02,LQDT,1.3399
2024-02-05,LQDT,1.3401
2024-02-06,LQDT,1.3405
2024-02-07,LQDT,1.341
2024-02-08,LQDT,1.3419
2024-02-09,LQDT,1.3434
2024-02-12,LQDT,1.344
2024-02-13,LQDT,1.3449
2024-02-14,LQDT,1.3457
2024-02-15,LQDT,1.3463
2024-02-16,LQDT,1.348
2024-02-19,LQDT,1.3485
2024-02-20,LQDT,1.3491
2024-02-21,LQDT,1.3496
2024-02-22,LQDT,1.352
2024-02-26,LQDT,1.3525
2024-02-27,LQDT,1.3531
2024-02-28,LQDT,1.3537
2024-02-29,LQDT,1.3543
2024-03-01,LQDT,1.356
2024-03-04,LQDT,1.3566
2024-03-05,LQDT,1.3571
2024-03-06,LQDT,1.3576
2024-03-07,LQDT,1.3599
2024-03-11,LQDT,1.3603
2024-03-12,LQDT,1.3611
2024-03-13,LQDT,1.3616
2024-03-14,LQDT,1.3621
2024-03-15,LQDT,1.364
2024-03-18,LQDT,1.3645
2024-03-19,LQDT,1.365
2024-03-20,LQDT,1.3656
2024-03-21,LQDT,1.3661
2024-03-22,LQDT,1.3678
2024-03-25,LQDT,1.3685
2024-03-26,LQDT,1.3691
2024-03-27,LQDT,1.3695
2024-03-28,LQDT,1.3701
2024-03-29,LQDT,1.3719
2024-04-01,LQDT,1.3725
2024-04-02,LQDT,1.373
2024-04-03,LQDT,1.3736
2024-04-04,LQDT,1.3742
2024-04-05,LQDT,1.3759
2024-04-08,LQDT,1.3765
2024-04-09,LQDT,1.3771
2024-04-10,LQDT,1.3775
2024-04-11,LQDT,1.378
2024-04-12,LQDT,1.3794
2024-04-15,LQDT,1.3799
2024-04-16,LQDT,1.3804
2024-04-17,LQDT,1.381
2024-04-18,LQDT,1.3812
2024-04-19,LQDT,1.3832
2024-04-22,LQDT,1.384
2024-04-23,LQDT,1.3847
2024-04-24,LQDT,1.3853
2024-04-25,LQDT,1.3856
2024-04-26,LQDT,1.3864
2024-04-27,LQDT,1.3878
2024-04-29,LQDT,1.3884
2024-04-30,LQDT,1.3895
2024-05-02,LQDT,1.3899
2024-05-03,LQDT,1.3918
2024-05-06,LQDT,1.3925
2024-05-07,LQDT,1.3929
2024-05-08,LQDT,1.3943
2024-05-10,LQDT,1.396
2024-05-13,LQDT,1.3965
2024-05-14,LQDT,1.3972
2024-05-15,LQDT,1.3976
2024-05-16,LQDT,1.3981
2024-05-17,LQDT,1.3998
2024-05-20,LQDT,1.4003
2024-05-21,LQDT,1.4008
2024-05-22,LQDT,1.4016
2024-05-23,LQDT,1.4024
2024-05-24,LQDT,1.4044
2024-05-27,LQDT,1.405
2024-05-28,LQDT,1.4056
2024-05-29,LQDT,1.4061
2024-05-30,LQDT,1.4068
2024-05-31,LQDT,1.4086
2024-06-03,LQDT,1.4092
2024-06-04,LQDT,1.4098
2024-06-05,LQDT,1.4104
2024-06-06,LQDT,1.4111
2024-06-07,LQDT,1.413
2024-06-10,LQDT,1.4137
2024-06-11,LQDT,1.415
2024-06-13,LQDT,1.4153
2024-06-14,LQDT,1.4173
2024-06-17,LQDT,1.4178
2024-06-18,LQDT,1.4185
2024-06-19,LQDT,1.4189
2024-06-20,LQDT,1.4194
2024-06-21,LQDT,1.4213
2024-06-24,LQDT,1.4218
2024-06-25,LQDT,1.4224
2024-06-26,LQDT,1.423
2024-06-27,LQDT,1.4236
2024-06-28,LQDT,1.4253
2024-07-01,LQDT,1.4261
2024-07-02,LQDT,1.4268
2024-07-03,LQDT,1.4274
2024-07-04,LQDT,1.428
2024-07-05,LQDT,1.4298
2024-07-08,LQDT,1.4303
2024-07-09,LQDT,1.4309
2024-07-10,LQDT,1.4316
2024-07-11,LQDT,1.4322
2024-07-12,LQDT,1.4341
2024-07-15,LQDT,1.4346
2024-07-16,LQDT,1.4353
2024-07-17,LQDT,1.436
2024-07-18,LQDT,1.4367
2024-07-19,LQDT,1.4385
2024-07-22,LQDT,1.4391
2024-07-23,LQDT,1.4397
2024-07-24,LQDT,1.4401
2024-07-25,LQDT,1.4407
2024-07-26,LQDT,1.4425
2024-07-29,LQDT,1.4432
2024-07-30,LQDT,1.444
2024-07-31,LQDT,1.4447
2024-08-01,LQDT,1.4452
2024-08-02,LQDT,1.4472
2024-08-05,LQDT,1.4479
2024-08-06,LQDT,1.4486
2024-08-07,LQDT,1.4494
2024-08-08,LQDT,1.45
2024-08-09,LQDT,1.4522
2024-08-12,LQDT,1.4527
2024-08-13,LQDT,1.4532
2024-08-14,LQDT,1.454
2024-08-15,LQDT,1.4548
2024-08-16,LQDT,1.4567
2024-08-19,LQDT,1.4576
2024-08-20,LQDT,1.4583
2024-08-21,LQDT,1.459
2024-08-22,LQDT,1.4597
2024-08-23,LQDT,1.4616
2024-08-26,LQDT,1.462
2024-08-27,LQDT,1.463
2024-08-28,LQDT,1.4636
2024-08-29,LQDT,1.4641
2024-08-30,LQDT,1.4662
2024-09-02,LQDT,1.4668
2024-09-03,LQDT,1.4675
2024-09-04,LQDT,1.4682
2024-09-05,LQDT,1.469
2024-09-06,LQDT,1.4713
2024-09-09,LQDT,1.472
2024-09-10,LQDT,1.4727
2024-09-11,LQDT,1.4736
2024-09-12,LQDT,1.4745
2024-09-13,LQDT,1.4769
2024-09-16,LQDT,1.4776
2024-09-17,LQDT,1.4781
2024-09-18,LQDT,1.4788
2024-09-19,LQDT,1.4795
2024-09-20,LQDT,1.482
2024-09-23,LQDT,1.4825
2024-09-24,LQDT,1.4834
2024-09-25,LQDT,1.4841
2024-09-26,LQDT,1.4848
2024-09-27,LQDT,1.4872
2024-09-30,LQDT,1.4877
2024-10-01,LQDT,1.4884
2024-10-02,LQDT,1.4894
2024-10-03,LQDT,1.4901
2024-10-04,LQDT,1.4923
2024-10-07,LQDT,1.493
2024-10-08,LQDT,1.4937
2024-10-09,LQDT,1.4945
2024-10-10,LQDT,1.4955
2024-10-11,LQDT,1.4976
2024-10-14,LQDT,1.4982
2024-10-15,LQDT,1.4988
2024-10-16,LQDT,1.4996
2024-10-17,LQDT,1.5003
2024-10-18,LQDT,1.5025
2024-10-21,LQDT,1.5033
2024-10-22,LQDT,1.5041
2024-10-23,LQDT,1.5049
2024-10-24,LQDT,1.5057
2024-10-25,LQDT,1.5079
2024-10-28,LQDT,1.5085
2024-10-29,LQDT,1.5091
2024-10-30,LQDT,1.5097
2024-10-31,LQDT,1.5106
2024-11-01,LQDT,1.5114
2024-11-02,LQDT,1.5139
2024-11-05,LQDT,1.5147
2024-11-06,LQDT,1.5154
2024-11-07,LQDT,1.5162
2024-11-08,LQDT,1.5186
2024-11-11,LQDT,1.5195
2024-11-12,LQDT,1.5205
2024-11-13,LQDT,1.5215
2024-11-14,LQDT,1.5223
2024-11-15,LQDT,1.525
2024-11-18,LQDT,1.5259
2024-11-19,LQDT,1.5267
2024-11-20,LQDT,1.5275
2024-11-21,LQDT,1.5284
2024-11-22,LQDT,1.5309
2024-11-25,LQDT,1.5318
2024-11-26,LQDT,1.5325
2024-11-27,LQDT,1.5334
2024-11-28,LQDT,1.5343
2024-11-29,LQDT,1.5369
2024-12-02,LQDT,1.5377
2024-12-03,LQDT,1.5387
2024-12-04,LQDT,1.5396
2024-12-05,LQDT,1.5405
2024-12-06,LQDT,1.543
2024-12-09,LQDT,1.5437
2024-12-10,LQDT,1.5447
2024-12-11,LQDT,1.5454
2024-12-12,LQDT,1.5463
2024-12-13,LQDT,1.5491
2024-12-16,LQDT,1.55
2024-12-17,LQDT,1.551
2024-12-18,LQDT,1.552
2024-12-19,LQDT,1.5528
2024-12-20,LQDT,1.5554
2024-12-23,LQDT,1.5562
2024-12-24,LQDT,1.5571
2024-12-25,LQDT,1.5579
2024-12-26,LQDT,1.5587
2024-12-27,LQDT,1.5596
2024-12-28,LQDT,1.5613
2024-12-30,LQDT,1.5647
2025-01-03,LQDT,1.5674
2025-01-06,LQDT,1.569
2025-01-08,LQDT,1.5699
2025-01-09,LQDT,1.5709
2025-01-10,LQDT,1.5736
2025-01-13,LQDT,1.5742
2025-01-14,LQDT,1.5751
2025-01-15,LQDT,1.576
2025-01-16,LQDT,1.5768
2025-01-17,LQDT,1.5795
2025-01-20,LQDT,1.5805
2025-01-21,LQDT,1.5814
2025-01-22,LQDT,1.5822
2025-01-23,LQDT,1.5832
2025-01-24,LQDT,1.5857
2025-01-27,LQDT,1.5865
2025-01-28,LQDT,1.5873
2025-01-29,LQDT,1.5883
2025-01-30,LQDT,1.5894
2025-01-31,LQDT,1.5917
2025-02-03,LQDT,1.5926
2025-02-04,LQDT,1.5935
2025-02-05,LQDT,1.5944
2025-02-06,LQDT,1.5953
2025-02-07,LQDT,1.5976
2025-02-10,LQDT,1.5986
2025-02-11,LQDT,1.5995
2025-02-12,LQDT,1.6004
2025-02-13,LQDT,1.6013
2025-02-14,LQDT,1.6039
2025-02-17,LQDT,1.6047
2025-02-18,LQDT,1.6058
2025-02-19,LQDT,1.6066
2025-02-20,LQDT,1.6076
2025-02-21,LQDT,1.6102
2025-02-24,LQDT,1.611
2025-02-25,LQDT,1.6118
2025-02-26,LQDT,1.6127
2025-02-27,LQDT,1.6136
2025-02-28,LQDT,1.6163
2025-03-03,LQDT,1.6173
2025-03-04,LQDT,1.6181
2025-03-05,LQDT,1.6192
2025-03-06,LQDT,1.6201
2025-03-07,LQDT,1.6229
2025-03-10,LQDT,1.6237
2025-03-11,LQDT,1.6247
2025-03-12,LQDT,1.6256
2025-03-13,LQDT,1.6267
2025-03-14,LQDT,1.6294
2025-03-17,LQDT,1.6304
2025-03-18,LQDT,1.6313
2025-03-19,LQDT,1.6323
2025-03-20,LQDT,1.6333
2025-03-21,LQDT,1.6361
2025-03-24,LQDT,1.637
2025-03-25,LQDT,1.638
2025-03-26,LQDT,1.639
2025-03-27,LQDT,1.6399
2025-03-28,LQDT,1.6428
2025-03-31,LQDT,1.6436
2025-04-01,LQDT,1.6447
2025-04-02,LQDT,1.6456
2025-04-03,LQDT,1.6467
2025-04-04,LQDT,1.6495
2025-04-07,LQDT,1.6504
2025-04-08,LQDT,1.6514
2025-04-09,LQDT,1.6523
2025-04-10,LQDT,1.6533
2025-04-11,LQDT,1.656
2025-04-14,LQDT,1.657
2025-04-15,LQDT,1.658
2025-04-16,LQDT,1.6591
2025-04-17,LQDT,1.66
2025-04-18,LQDT,1.6627
2025-04-21,LQDT,1.6636
2025-04-22,LQDT,1.6647
2025-04-23,LQDT,1.6656
2025-04-24,LQDT,1.6665
2025-04-25,LQDT,1.6694
2025-04-28,LQDT,1.6704
2025-04-29,LQDT,1.6713
2025-04-30,LQDT,1.6731
2025-05-02,LQDT,1.6759
2025-05-05,LQDT,1.6768
2025-05-06,LQDT,1.6778
2025-05-07,LQDT,1.6788
2025-05-08,LQDT,1.6824
2025-05-12,LQDT,1.6834
2025-05-13,LQDT,1.6842
2025-05-14,LQDT,1.6853
2025-05-15,LQDT,1.6863
2025-05-16,LQDT,1.689
2025-05-19,LQDT,1.69
2025-05-20,LQDT,1.691
2025-05-21,LQDT,1.692
2025-05-22,LQDT,1.6931
2025-05-23,LQDT,1.6958
2025-05-26,LQDT,1.6967
2025-05-27,LQDT,1.6977
2025-05-28,LQDT,1.6987
2025-05-29,LQDT,1.6998
2025-05-30,LQDT,1.7025
2025-06-02,LQDT,1.7035
2025-06-03,LQDT,1.7043
2025-06-04,LQDT,1.7052
2025-06-05,LQDT,1.7062
2025-06-06,LQDT,1.7092
2025-06-09,LQDT,1.7101
2025-06-10,LQDT,1.7111
2025-06-11,LQDT,1.713
2025-06-13,LQDT,1.7158
2025-06-16,LQDT,1.7166
2025-06-17,LQDT,1.7177
2025-06-18,LQDT,1.7187
2025-06-19,LQDT,1.7195
2025-06-20,LQDT,1.7224
2025-06-23,LQDT,1.7233
2025-06-24,LQDT,1.7242
2025-06-25,LQDT,1.7252
2025-06-26,LQDT,1.7262
2025-06-27,LQDT,1.729
2025-06-30,LQDT,1.73
2025-07-01,LQDT,1.7308
2025-07-02,LQDT,1.7317
2025-07-03,LQDT,1.7328
2025-07-04,LQDT,1.7356
2025-07-07,LQDT,1.7365
2025-07-08,LQDT,1.7375
2025-07-09,LQDT,1.7385
2025-07-10,LQDT,1.7395
2025-07-11,LQDT,1.7424
2025-07-14,LQDT,1.7433
2025-07-15,LQDT,1.7441
2025-07-16,LQDT,1.7451
2025-07-17,LQDT,1.746
2025-07-18,LQDT,1.7487
2025-07-21,LQDT,1.7495
2025-07-22,LQDT,1.7504
2025-07-23,LQDT,1.7514
2025-07-24,LQDT,1.7523
2025-07-25,LQDT,1.7548
2025-07-28,LQDT,1.7556
2025-07-29,LQDT,1.7566
2025-07-30,LQDT,1.7575
2025-07-31,LQDT,1.7583
2025-08-01,LQDT,1.761
2025-08-04,LQDT,1.7617
2025-08-05,LQDT,1.7627
2025-08-06,LQDT,1.7635
2025-08-07,LQDT,1.7644
2025-08-08,LQDT,1.7669
2025-08-11,LQDT,1.7677
2025-08-12,LQDT,1.7685
2025-08-13,LQDT,1.7695
2025-08-14,LQDT,1.7704
2025-08-15,LQDT,1.773
2025-08-18,LQDT,1.7738
2025-08-19,LQDT,1.7747
2025-08-20,LQDT,1.7756
2025-08-21,LQDT,1.7764
2025-08-22,LQDT,1.7791
2025-08-25,LQDT,1.78
2025-08-26,LQDT,1.7808
2025-08-27,LQDT,1.7816
2025-08-28,LQDT,1.7825
2025-08-29,LQDT,1.785
2025-09-01,LQDT,1.7859
2025-09-02,LQDT,1.7867
2025-09-03,LQDT,1.7876
2025-09-04,LQDT,1.7887
2025-09-05,LQDT,1.7912
2025-09-08,LQDT,1.7919
2025-09-09,LQDT,1.7928
2025-09-10,LQDT,1.7935
2025-09-11,LQDT,1.7944
2025-09-12,LQDT,1.7969
2025-09-15,LQDT,1.7977
2025-09-16,LQDT,1.7986
2025-09-17,LQDT,1.7994
2025-09-18,LQDT,1.8001
2025-09-19,LQDT,1.8027
2025-09-22,LQDT,1.8035
2025-09-23,LQDT,1.8042
2025-09-24,LQDT,1.8052
2025-09-25,LQDT,1.806
2025-09-26,LQDT,1.8085
2025-09-29,LQDT,1.8093
2025-09-30,LQDT,1.8101
2025-10-01,LQDT,1.8109
2025-10-02,LQDT,1.8119
2025-10-03,LQDT,1.8144
2025-10-06,LQDT,1.8152
2025-10-07,LQDT,1.816
2025-10-08,LQDT,1.8167
2025-10-09,LQDT,1.8177
2025-10-10,LQDT,1.8202
2025-10-13,LQDT,1.821
2025-10-14,LQDT,1.8219
2025-10-15,LQDT,1.8228
2025-10-16,LQDT,1.8235
2025-10-17,LQDT,1.826
2025-10-20,LQDT,1.8269
2025-10-21,LQDT,1.8277
2025-10-22,LQDT,1.8285
2025-10-23,LQDT,1.8293
2025-10-24,LQDT,1.8318
2025-10-27,LQDT,1.8326
2025-10-28,LQDT,1.8334
2025-10-29,LQDT,1.8341
2025-10-30,LQDT,1.835
2025-10-31,LQDT,1.8357
2025-11-01,LQDT,1.8372
2025-11-03,LQDT,1.8388
2025-11-05,LQDT,1.8395
2025-11-06,LQDT,1.8404
2025-11-07,LQDT,1.8428
2025-11-10,LQDT,1.8436
2025-11-11,LQDT,1.8444
2025-11-12,LQDT,1.8452
2025-11-13,LQDT,1.846
2025-11-14,LQDT,1.8484
2025-11-17,LQDT,1.8491
2025-11-18,LQDT,1.85
2025-11-19,LQDT,1.8509
2025-11-20,LQDT,1.8518
2025-11-21,LQDT,1.8542
2025-11-24,LQDT,1.8551
2025-11-25,LQDT,1.856
2025-11-26,LQDT,1.8567
2025-11-27,LQDT,1.8577
2025-11-28,LQDT,1.86
2025-12-01,LQDT,1.861
2025-12-02,LQDT,1.8618
2025-12-03,LQDT,1.8625
2025-12-04,LQDT,1.8633
2025-12-05,LQDT,1.8657
2025-12-08,LQDT,1.8664
2025-12-09,LQDT,1.8674
2025-12-10,LQDT,1.8682
2025-12-11,LQDT,1.8689
2025-12-12,LQDT,1.8714
2025-12-15,LQDT,1.8721
2025-12-16,LQDT,1.8729
2025-12-17,LQDT,1.8737
2025-12-18,LQDT,1.8746
2025-12-19,LQDT,1.8769
2025-12-22,LQDT,1.8777
2025-12-23,LQDT,1.8785
2025-12-24,LQDT,1.8793
2025-12-25,LQDT,1.8801
2025-12-26,LQDT,1.8825
2025-12-29,LQDT,1.8832
2025-12-30,LQDT,1.8882
2026-01-05,LQDT,1.889
2026-01-06,LQDT,1.8906
2026-01-08,LQDT,1.8914
2026-01-09,LQDT,1.8937
2026-01-12,LQDT,1.8946
2026-01-13,LQDT,1.8954
2026-01-14,LQDT,1.8963
2026-01-15,LQDT,1.8971
2026-01-16,LQDT,1.8994
2026-01-19,LQDT,1.9002
2026-01-20,LQDT,1.9011
2026-01-21,LQDT,1.902
2026-01-22,LQDT,1.9028
2026-01-23,LQDT,1.9052
2026-01-26,LQDT,1.906
2026-01-27,LQDT,1.9068
2026-01-28,LQDT,1.9076
2026-01-29,LQDT,1.9083
2026-01-30,LQDT,1.9108
2026-02-02,LQDT,1.9116
2026-02-03,LQDT,1.9124
2026-02-04,LQDT,1.9132
2026-02-05,LQDT,1.914
2026-02-06,LQDT,1.9164
2026-02-09,LQDT,1.9171
2026-02-10,LQDT,1.9181
2026-02-11,LQDT,1.9188
2026-02-12,LQDT,1.9197
2026-02-13,LQDT,1.922
2026-02-16,LQDT,1.9227
2026-02-17,LQDT,1.9235
2026-02-18,LQDT,1.9243
2026-02-19,LQDT,1.9252
2026-02-20,LQDT,1.9283
2026-02-24,LQDT,1.9291
2026-02-25,LQDT,1.9299
2026-02-26,LQDT,1.9307
2026-02-27,LQDT,1.9331
2026-03-02,LQDT,1.9339
2026-03-03,LQDT,1.9347
2026-03-04,LQDT,1.9355
2026-03-05,LQDT,1.9363
2026-03-06,LQDT,1.9386
2026-03-09,LQDT,1.9395
2026-03-10,LQDT,1.9402
2026-03-11,LQDT,1.9411
2026-03-12,LQDT,1.9419
2026-03-13,LQDT,1.9443
2026-03-16,LQDT,1.9449
2026-03-17,LQDT,1.9458
2026-03-18,LQDT,1.9465
2026-03-19,LQDT,1.9474
2026-03-20,LQDT,1.9497
2026-03-23,LQDT,1.9504
2026-03-24,LQDT,1.9513
2026-03-25,LQDT,1.9521
2026-03-26,LQDT,1.9529
2026-03-27,LQDT,1.9552
2026-03-30,LQDT,1.9558
2026-03-31,LQDT,1.9567
2026-04-01,LQDT,1.9575
2026-04-02,LQDT,1.9583
2026-04-03,LQDT,1.9606
2026-04-06,LQDT,1.9614
2026-04-07,LQDT,1.9621
2026-04-08,LQDT,1.9628
2026-04-09,LQDT,1.9636
2026-04-10,LQDT,1.9659
2026-04-13,LQDT,1.9667
2026-04-14,LQDT,1.9675
2026-04-15,LQDT,1.9683
2026-04-16,LQDT,1.9691
2026-04-17,LQDT,1.9713
2026-04-20,LQDT,1.972
2026-04-21,LQDT,1.9728
2026-04-22,LQDT,1.9735
2026-04-23,LQDT,1.9744
2026-04-24,LQDT,1.9765
2026-04-27,LQDT,1.9773
2026-04-28,LQDT,1.9781
2026-04-29,LQDT,1.9789
2026-04-30,LQDT,1.9821
2026-05-04,LQDT,1.9828
2026-05-05,LQDT,1.9836
2026-05-06,LQDT,1.9844
2026-05-07,LQDT,1.9851
2026-05-08,LQDT,1.9874
2026-05-11,LQDT,1.9881
2026-05-12,LQDT,1.9889
2026-05-13,LQDT,1.9897
2026-05-14,LQDT,1.9903
2026-05-15,LQDT,1.9926
2026-05-18,LQDT,1.9933
2026-05-19,LQDT,1.9941
2026-05-20,LQDT,1.9948
2026-05-21,LQDT,1.9956
2026-05-22,LQDT,1.9979
2026-05-25,LQDT,1.9987
2026-05-26,LQDT,1.9994
2026-05-27,LQDT,2.0001
2026-05-28,LQDT,2.001
2026-05-29,LQDT,2.0032
2026-06-01,LQDT,2.0039
2026-06-02,LQDT,2.0048
2026-06-03,LQDT,2.0054
2026-06-04,LQDT,2.0063
2026-06-05,LQDT,2.0086
2026-06-08,LQDT,2.0093
2026-06-09,LQDT,2.0101
2026-06-10,LQDT,2.011
2026-06-11,LQDT,2.014
2026-06-15,LQDT,2.0147
2026-06-16,LQDT,2.0155
2026-06-17,LQDT,2.0161
2026-06-18,LQDT,2.0168
2026-06-19,LQDT,2.019
2022-07-14,AKMM,100.09
2022-07-15,AKMM,100.09
2022-07-18,AKMM,100.14
2022-07-19,AKMM,100.16
2022-07-20,AKMM,100.19
2022-07-21,AKMM,100.27
2022-07-22,AKMM,100.26
2022-07-25,AKMM,100.3
2022-07-26,AKMM,100.31
2022-07-27,AKMM,100.32
2022-07-28,AKMM,100.36
2022-07-29,AKMM,100.39
2022-08-01,AKMM,100.38
2022-08-02,AKMM,100.4
2022-08-03,AKMM,100.43
2022-08-04,AKMM,100.51
2022-08-05,AKMM,100.53
2022-08-08,AKMM,100.54
2022-08-09,AKMM,100.54
2022-08-10,AKMM,100.58
2022-08-11,AKMM,100.62
2022-08-12,AKMM,100.66
2022-08-15,AKMM,100.65
2022-08-16,AKMM,100.67
2022-08-17,AKMM,100.72
2022-08-18,AKMM,100.78
2022-08-19,AKMM,100.82
2022-08-22,AKMM,100.84
2022-08-23,AKMM,100.85
2022-08-24,AKMM,100.86
2022-08-25,AKMM,100.92
2022-08-26,AKMM,100.92
2022-08-29,AKMM,100.97
2022-08-30,AKMM,100.98
2022-08-31,AKMM,101.0
2022-09-01,AKMM,101.06
2022-09-02,AKMM,101.11
2022-09-05,AKMM,101.12
2022-09-06,AKMM,101.14
2022-09-07,AKMM,101.16
2022-09-08,AKMM,101.23
2022-09-09,AKMM,101.25
2022-09-12,AKMM,101.24
2022-09-13,AKMM,101.25
2022-09-14,AKMM,101.29
2022-09-15,AKMM,101.36
2022-09-16,AKMM,101.38
2022-09-19,AKMM,101.35
2022-09-20,AKMM,101.39
2022-09-21,AKMM,101.41
2022-09-22,AKMM,101.46
2022-09-23,AKMM,101.49
2022-09-26,AKMM,101.48
2022-09-27,AKMM,101.5
2022-09-28,AKMM,101.52
2022-09-29,AKMM,101.59
2022-09-30,AKMM,101.63
2022-10-03,AKMM,101.65
2022-10-04,AKMM,101.66
2022-10-05,AKMM,101.69
2022-10-06,AKMM,101.76
2022-10-07,AKMM,101.76
2022-10-10,AKMM,101.82
2022-10-11,AKMM,101.84
2022-10-12,AKMM,101.86
2022-10-13,AKMM,101.88
2022-10-14,AKMM,101.9
2022-10-17,AKMM,101.96
2022-10-18,AKMM,101.98
2022-10-19,AKMM,101.99
2022-10-20,AKMM,102.01
2022-10-21,AKMM,102.03
2022-10-24,AKMM,102.09
2022-10-25,AKMM,102.05
2022-10-26,AKMM,102.09
2022-10-27,AKMM,102.15
2022-10-28,AKMM,102.18
2022-10-31,AKMM,102.2
2022-11-01,AKMM,102.2
2022-11-02,AKMM,102.28
2022-11-03,AKMM,102.29
2022-11-07,AKMM,102.3
2022-11-08,AKMM,102.34
2022-11-09,AKMM,102.36
2022-11-10,AKMM,102.42
2022-11-11,AKMM,102.42
2022-11-14,AKMM,102.45
2022-11-15,AKMM,102.43
2022-11-16,AKMM,102.48
2022-11-17,AKMM,102.54
2022-11-18,AKMM,102.56
2022-11-21,AKMM,102.56
2022-11-22,AKMM,102.6
2022-11-23,AKMM,102.62
2022-11-24,AKMM,102.65
2022-11-25,AKMM,102.69
2022-11-28,AKMM,102.68
2022-11-29,AKMM,102.7
2022-11-30,AKMM,102.74
2022-12-01,AKMM,102.8
2022-12-02,AKMM,102.82
2022-12-05,AKMM,102.83
2022-12-06,AKMM,102.84
2022-12-07,AKMM,102.87
2022-12-08,AKMM,102.93
2022-12-09,AKMM,102.96
2022-12-12,AKMM,102.96
2022-12-13,AKMM,102.98
2022-12-14,AKMM,103.01
2022-12-15,AKMM,103.07
2022-12-16,AKMM,103.06
2022-12-19,AKMM,103.11
2022-12-20,AKMM,103.13
2022-12-21,AKMM,103.13
2022-12-22,AKMM,103.2
2022-12-23,AKMM,103.21
2022-12-26,AKMM,103.23
2022-12-27,AKMM,103.25
2022-12-28,AKMM,103.28
2022-12-29,AKMM,103.36
2022-12-30,AKMM,103.37
2023-01-03,AKMM,103.38
2023-01-04,AKMM,103.39
2023-01-05,AKMM,103.46
2023-01-06,AKMM,103.45
2023-01-09,AKMM,103.5
2023-01-10,AKMM,103.51
2023-01-11,AKMM,103.55
2023-01-12,AKMM,103.58
2023-01-13,AKMM,103.62
2023-01-16,AKMM,103.61
2023-01-17,AKMM,103.63
2023-01-18,AKMM,103.67
2023-01-19,AKMM,103.74
2023-01-20,AKMM,103.75
2023-01-23,AKMM,103.75
2023-01-24,AKMM,103.79
2023-01-25,AKMM,103.81
2023-01-26,AKMM,103.84
2023-01-27,AKMM,103.88
2023-01-30,AKMM,103.87
2023-01-31,AKMM,103.9
2023-02-01,AKMM,103.93
2023-02-02,AKMM,103.96
2023-02-03,AKMM,104.01
2023-02-06,AKMM,104.03
2023-02-07,AKMM,104.02
2023-02-08,AKMM,104.07
2023-02-09,AKMM,104.12
2023-02-10,AKMM,104.14
2023-02-13,AKMM,104.16
2023-02-14,AKMM,104.15
2023-02-15,AKMM,104.17
2023-02-16,AKMM,104.24
2023-02-17,AKMM,104.24
2023-02-20,AKMM,104.28
2023-02-21,AKMM,104.32
2023-02-22,AKMM,104.39
2023-02-24,AKMM,104.36
2023-02-27,AKMM,104.43
2023-02-28,AKMM,104.46
2023-03-01,AKMM,104.48
2023-03-02,AKMM,104.53
2023-03-03,AKMM,104.56
2023-03-06,AKMM,104.59
2023-03-07,AKMM,104.62
2023-03-09,AKMM,104.69
2023-03-10,AKMM,104.7
2023-03-13,AKMM,104.72
2023-03-14,AKMM,104.74
2023-03-15,AKMM,104.76
2023-03-16,AKMM,104.82
2023-03-17,AKMM,104.81
2023-03-20,AKMM,104.88
2023-03-21,AKMM,104.9
2023-03-22,AKMM,104.9
2023-03-23,AKMM,104.91
2023-03-24,AKMM,104.92
2023-03-27,AKMM,104.99
2023-03-28,AKMM,105.03
2023-03-29,AKMM,105.05
2023-03-30,AKMM,105.07
2023-03-31,AKMM,105.06
2023-04-03,AKMM,105.14
2023-04-04,AKMM,105.15
2023-04-05,AKMM,105.19
2023-04-06,AKMM,105.21
2023-04-07,AKMM,105.2
2023-04-10,AKMM,105.26
2023-04-11,AKMM,105.3
2023-04-12,AKMM,105.29
2023-04-13,AKMM,105.34
2023-04-14,AKMM,105.36
2023-04-17,AKMM,105.42
2023-04-18,AKMM,105.45
2023-04-19,AKMM,105.46
2023-04-20,AKMM,105.46
2023-04-21,AKMM,105.48
2023-04-24,AKMM,105.56
2023-04-25,AKMM,105.56
2023-04-26,AKMM,105.6
2023-04-27,AKMM,105.61
2023-04-28,AKMM,105.63
2023-05-02,AKMM,105.72
2023-05-03,AKMM,105.75
2023-05-04,AKMM,105.78
2023-05-05,AKMM,105.8
2023-05-08,AKMM,105.77
2023-05-10,AKMM,105.85
2023-05-11,AKMM,105.87
2023-05-12,AKMM,105.88
2023-05-15,AKMM,105.95
2023-05-16,AKMM,105.96
2023-05-17,AKMM,105.98
2023-05-18,AKMM,106.03
2023-05-19,AKMM,106.05
2023-05-22,AKMM,106.11
2023-05-23,AKMM,106.13
2023-05-24,AKMM,106.14
2023-05-25,AKMM,106.16
2023-05-26,AKMM,106.19
2023-05-29,AKMM,106.25
2023-05-30,AKMM,106.26
2023-05-31,AKMM,106.29
2023-06-01,AKMM,106.3
2023-06-02,AKMM,106.33
2023-06-05,AKMM,106.37
2023-06-06,AKMM,106.39
2023-06-07,AKMM,106.4
2023-06-08,AKMM,106.49
2023-06-09,AKMM,106.5
2023-06-13,AKMM,106.52
2023-06-14,AKMM,106.55
2023-06-15,AKMM,106.7
2023-06-16,AKMM,106.62
2023-06-19,AKMM,106.64
2023-06-20,AKMM,106.67
2023-06-21,AKMM,106.69
2023-06-22,AKMM,106.75
2023-06-23,AKMM,106.77
2023-06-26,AKMM,106.79
2023-06-27,AKMM,106.81
2023-06-28,AKMM,106.83
2023-06-29,AKMM,106.89
2023-06-30,AKMM,106.91
2023-07-03,AKMM,106.93
2023-07-04,AKMM,106.93
2023-07-05,AKMM,106.96
2023-07-06,AKMM,107.04
2023-07-07,AKMM,107.05
2023-07-10,AKMM,107.04
2023-07-11,AKMM,107.08
2023-07-12,AKMM,107.12
2023-07-13,AKMM,107.18
2023-07-14,AKMM,107.2
2023-07-17,AKMM,107.2
2023-07-18,AKMM,107.24
2023-07-19,AKMM,107.26
2023-07-20,AKMM,107.34
2023-07-21,AKMM,107.36
2023-07-24,AKMM,107.39
2023-07-25,AKMM,107.38
2023-07-26,AKMM,107.43
2023-07-27,AKMM,107.5
2023-07-28,AKMM,107.53
2023-07-31,AKMM,107.49
2023-08-01,AKMM,107.53
2023-08-02,AKMM,107.57
2023-08-03,AKMM,107.56
2023-08-04,AKMM,107.66
2023-08-07,AKMM,107.66
2023-08-08,AKMM,107.7
2023-08-09,AKMM,107.72
2023-08-10,AKMM,107.74
2023-08-11,AKMM,107.82
2023-08-14,AKMM,107.82
2023-08-15,AKMM,107.87
2023-08-16,AKMM,107.91
2023-08-17,AKMM,107.94
2023-08-18,AKMM,108.04
2023-08-21,AKMM,108.08
2023-08-22,AKMM,108.11
2023-08-23,AKMM,108.14
2023-08-24,AKMM,108.17
2023-08-25,AKMM,108.28
2023-08-28,AKMM,108.29
2023-08-29,AKMM,108.32
2023-08-30,AKMM,108.37
2023-08-31,AKMM,108.4
2023-09-01,AKMM,108.53
2023-09-04,AKMM,108.53
2023-09-05,AKMM,108.54
2023-09-06,AKMM,108.6
2023-09-07,AKMM,108.63
2023-09-08,AKMM,108.73
2023-09-11,AKMM,108.77
2023-09-12,AKMM,108.8
2023-09-13,AKMM,108.8
2023-09-14,AKMM,108.85
2023-09-15,AKMM,108.98
2023-09-18,AKMM,109.0
2023-09-19,AKMM,109.04
2023-09-20,AKMM,109.04
2023-09-21,AKMM,109.11
2023-09-22,AKMM,109.22
2023-09-25,AKMM,109.26
2023-09-26,AKMM,109.29
2023-09-27,AKMM,109.32
2023-09-28,AKMM,109.34
2023-09-29,AKMM,109.48
2023-10-02,AKMM,109.48
2023-10-03,AKMM,109.55
2023-10-04,AKMM,109.58
2023-10-05,AKMM,109.62
2023-10-06,AKMM,109.73
2023-10-09,AKMM,109.75
2023-10-10,AKMM,109.79
2023-10-11,AKMM,109.84
2023-10-12,AKMM,109.88
2023-10-13,AKMM,109.98
2023-10-16,AKMM,110.03
2023-10-17,AKMM,110.08
2023-10-18,AKMM,110.12
2023-10-19,AKMM,110.15
2023-10-20,AKMM,110.26
2023-10-23,AKMM,110.31
2023-10-24,AKMM,110.35
2023-10-25,AKMM,110.36
2023-10-26,AKMM,110.42
2023-10-27,AKMM,110.54
2023-10-30,AKMM,110.58
2023-10-31,AKMM,110.62
2023-11-01,AKMM,110.66
2023-11-02,AKMM,110.7
2023-11-03,AKMM,110.85
2023-11-06,AKMM,110.87
2023-11-07,AKMM,110.91
2023-11-08,AKMM,110.95
2023-11-09,AKMM,110.98
2023-11-10,AKMM,111.12
2023-11-13,AKMM,111.17
2023-11-14,AKMM,111.21
2023-11-15,AKMM,111.26
2023-11-16,AKMM,111.31
2023-11-17,AKMM,111.44
2023-11-20,AKMM,111.49
2023-11-21,AKMM,111.4
2023-11-22,AKMM,111.56
2023-11-23,AKMM,111.61
2023-11-24,AKMM,111.75
2023-11-27,AKMM,111.79
2023-11-28,AKMM,111.84
2023-11-29,AKMM,111.88
2023-11-30,AKMM,111.91
2023-12-01,AKMM,112.07
2023-12-04,AKMM,112.11
2023-12-05,AKMM,112.15
2023-12-06,AKMM,112.19
2023-12-07,AKMM,112.24
2023-12-08,AKMM,112.37
2023-12-11,AKMM,112.39
2023-12-12,AKMM,112.45
2023-12-13,AKMM,112.5
2023-12-14,AKMM,112.54
2023-12-15,AKMM,112.69
2023-12-18,AKMM,112.74
2023-12-19,AKMM,112.78
2023-12-20,AKMM,112.83
2023-12-21,AKMM,112.87
2023-12-22,AKMM,113.02
2023-12-25,AKMM,113.05
2023-12-26,AKMM,113.1
2023-12-27,AKMM,113.15
2023-12-28,AKMM,113.19
2023-12-29,AKMM,113.45
2024-01-03,AKMM,113.52
2024-01-04,AKMM,113.57
2024-01-05,AKMM,113.77
2024-01-08,AKMM,113.78
2024-01-09,AKMM,113.74
2024-01-10,AKMM,113.77
2024-01-11,AKMM,113.84
2024-01-12,AKMM,113.96
2024-01-15,AKMM,114.01
2024-01-16,AKMM,114.04
2024-01-17,AKMM,114.1
2024-01-18,AKMM,114.15
2024-01-19,AKMM,114.3
2024-01-22,AKMM,114.35
2024-01-23,AKMM,114.4
2024-01-24,AKMM,114.42
2024-01-25,AKMM,114.49
2024-01-26,AKMM,114.61
2024-01-29,AKMM,114.66
2024-01-30,AKMM,114.72
2024-01-31,AKMM,114.78
2024-02-01,AKMM,114.8
2024-02-02,AKMM,114.97
2024-02-05,AKMM,115.0
2024-02-06,AKMM,115.06
2024-02-07,AKMM,115.1
2024-02-08,AKMM,115.16
2024-02-09,AKMM,115.3
2024-02-12,AKMM,115.34
2024-02-13,AKMM,115.4
2024-02-14,AKMM,115.45
2024-02-15,AKMM,115.5
2024-02-16,AKMM,115.62
2024-02-19,AKMM,115.69
2024-02-20,AKMM,115.7
2024-02-21,AKMM,115.76
2024-02-22,AKMM,115.97
2024-02-26,AKMM,116.01
2024-02-27,AKMM,116.06
2024-02-28,AKMM,116.12
2024-02-29,AKMM,116.17
2024-03-01,AKMM,116.31
2024-03-04,AKMM,116.36
2024-03-05,AKMM,116.39
2024-03-06,AKMM,116.44
2024-03-07,AKMM,116.65
2024-03-11,AKMM,116.68
2024-03-12,AKMM,116.72
2024-03-13,AKMM,116.79
2024-03-14,AKMM,116.81
2024-03-15,AKMM,116.97
2024-03-18,AKMM,117.03
2024-03-19,AKMM,117.06
2024-03-20,AKMM,117.11
2024-03-21,AKMM,117.15
2024-03-22,AKMM,117.31
2024-03-25,AKMM,117.34
2024-03-26,AKMM,117.4
2024-03-27,AKMM,117.44
2024-03-28,AKMM,117.48
2024-03-29,AKMM,117.63
2024-04-01,AKMM,117.7
2024-04-02,AKMM,117.75
2024-04-03,AKMM,117.8
2024-04-04,AKMM,117.84
2024-04-05,AKMM,117.99
2024-04-08,AKMM,118.03
2024-04-09,AKMM,118.08
2024-04-10,AKMM,118.13
2024-04-11,AKMM,118.18
2024-04-12,AKMM,118.32
2024-04-15,AKMM,118.36
2024-04-16,AKMM,118.4
2024-04-17,AKMM,118.47
2024-04-18,AKMM,118.51
2024-04-19,AKMM,118.67
2024-04-22,AKMM,118.7
2024-04-23,AKMM,118.75
2024-04-24,AKMM,118.81
2024-04-25,AKMM,118.85
2024-04-26,AKMM,118.91
2024-04-27,AKMM,119.0
2024-04-29,AKMM,119.06
2024-04-30,AKMM,119.17
2024-05-02,AKMM,119.22
2024-05-03,AKMM,119.38
2024-05-06,AKMM,119.42
2024-05-07,AKMM,119.46
2024-05-08,AKMM,119.58
2024-05-10,AKMM,119.72
2024-05-13,AKMM,119.75
2024-05-14,AKMM,119.83
2024-05-15,AKMM,119.86
2024-05-16,AKMM,119.9
2024-05-17,AKMM,120.09
2024-05-20,AKMM,120.13
2024-05-21,AKMM,120.16
2024-05-22,AKMM,120.21
2024-05-23,AKMM,120.28
2024-05-24,AKMM,120.42
2024-05-27,AKMM,120.45
2024-05-28,AKMM,120.49
2024-05-29,AKMM,120.55
2024-05-30,AKMM,120.6
2024-05-31,AKMM,120.79
2024-06-03,AKMM,120.8
2024-06-04,AKMM,120.87
2024-06-05,AKMM,120.93
2024-06-06,AKMM,121.0
2024-06-07,AKMM,121.16
2024-06-10,AKMM,121.2
2024-06-11,AKMM,121.3
2024-06-13,AKMM,121.34
2024-06-14,AKMM,121.5
2024-06-17,AKMM,121.54
2024-06-18,AKMM,121.63
2024-06-19,AKMM,121.64
2024-06-20,AKMM,121.69
2024-06-21,AKMM,121.82
2024-06-24,AKMM,121.89
2024-06-25,AKMM,121.93
2024-06-26,AKMM,121.99
2024-06-27,AKMM,122.01
2024-06-28,AKMM,122.17
2024-07-01,AKMM,122.2
2024-07-02,AKMM,122.29
2024-07-03,AKMM,122.34
2024-07-04,AKMM,122.39
2024-07-05,AKMM,122.54
2024-07-08,AKMM,122.59
2024-07-09,AKMM,122.65
2024-07-10,AKMM,122.7
2024-07-11,AKMM,122.76
2024-07-12,AKMM,122.89
2024-07-15,AKMM,122.95
2024-07-16,AKMM,122.99
2024-07-17,AKMM,123.06
2024-07-18,AKMM,123.09
2024-07-19,AKMM,123.27
2024-07-22,AKMM,123.33
2024-07-23,AKMM,123.35
2024-07-24,AKMM,123.42
2024-07-25,AKMM,123.48
2024-07-26,AKMM,123.63
2024-07-29,AKMM,123.65
2024-07-30,AKMM,123.72
2024-07-31,AKMM,123.79
2024-08-01,AKMM,123.85
2024-08-02,AKMM,124.01
2024-08-05,AKMM,124.05
2024-08-06,AKMM,124.13
2024-08-07,AKMM,124.19
2024-08-08,AKMM,124.24
2024-08-09,AKMM,124.41
2024-08-12,AKMM,124.47
2024-08-13,AKMM,124.51
2024-08-14,AKMM,124.59
2024-08-15,AKMM,124.65
2024-08-16,AKMM,124.8
2024-08-19,AKMM,124.87
2024-08-20,AKMM,124.91
2024-08-21,AKMM,124.99
2024-08-22,AKMM,125.05
2024-08-23,AKMM,125.22
2024-08-26,AKMM,125.29
2024-08-27,AKMM,125.35
2024-08-28,AKMM,125.41
2024-08-29,AKMM,125.45
2024-08-30,AKMM,125.62
2024-09-02,AKMM,125.71
2024-09-03,AKMM,125.78
2024-09-04,AKMM,125.83
2024-09-05,AKMM,125.89
2024-09-06,AKMM,126.08
2024-09-09,AKMM,126.12
2024-09-10,AKMM,126.19
2024-09-11,AKMM,126.26
2024-09-12,AKMM,126.32
2024-09-13,AKMM,126.5
2024-09-16,AKMM,126.55
2024-09-17,AKMM,126.62
2024-09-18,AKMM,126.68
2024-09-19,AKMM,126.75
2024-09-20,AKMM,126.94
2024-09-23,AKMM,126.99
2024-09-24,AKMM,127.06
2024-09-25,AKMM,127.12
2024-09-26,AKMM,127.18
2024-09-27,AKMM,127.36
2024-09-30,AKMM,127.42
2024-10-01,AKMM,127.48
2024-10-02,AKMM,127.54
2024-10-03,AKMM,127.61
2024-10-04,AKMM,127.79
2024-10-07,AKMM,127.85
2024-10-08,AKMM,127.91
2024-10-09,AKMM,127.96
2024-10-10,AKMM,128.02
2024-10-11,AKMM,128.21
2024-10-14,AKMM,128.28
2024-10-15,AKMM,128.34
2024-10-16,AKMM,128.4
2024-10-17,AKMM,128.47
2024-10-18,AKMM,128.65
2024-10-21,AKMM,128.72
2024-10-22,AKMM,128.79
2024-10-23,AKMM,128.86
2024-10-24,AKMM,128.92
2024-10-25,AKMM,129.11
2024-10-28,AKMM,129.18
2024-10-29,AKMM,129.22
2024-10-30,AKMM,129.3
2024-10-31,AKMM,129.38
2024-11-01,AKMM,129.45
2024-11-02,AKMM,129.65
2024-11-05,AKMM,129.73
2024-11-06,AKMM,129.79
2024-11-07,AKMM,129.87
2024-11-08,AKMM,130.07
2024-11-11,AKMM,130.12
2024-11-12,AKMM,130.22
2024-11-13,AKMM,130.29
2024-11-14,AKMM,130.34
2024-11-15,AKMM,130.56
2024-11-18,AKMM,130.64
2024-11-19,AKMM,130.71
2024-11-20,AKMM,130.78
2024-11-21,AKMM,130.85
2024-11-22,AKMM,131.07
2024-11-25,AKMM,131.14
2024-11-26,AKMM,131.22
2024-11-27,AKMM,131.29
2024-11-28,AKMM,131.35
2024-11-29,AKMM,131.57
2024-12-02,AKMM,131.65
2024-12-03,AKMM,131.71
2024-12-04,AKMM,131.79
2024-12-05,AKMM,131.87
2024-12-06,AKMM,132.09
2024-12-09,AKMM,132.16
2024-12-10,AKMM,132.23
2024-12-11,AKMM,132.29
2024-12-12,AKMM,132.36
2024-12-13,AKMM,132.6
2024-12-16,AKMM,132.65
2024-12-17,AKMM,132.75
2024-12-18,AKMM,132.83
2024-12-19,AKMM,132.9
2024-12-20,AKMM,133.12
2024-12-23,AKMM,133.18
2024-12-24,AKMM,133.28
2024-12-25,AKMM,133.35
2024-12-26,AKMM,133.41
2024-12-27,AKMM,133.49
2024-12-28,AKMM,133.63
2024-12-30,AKMM,133.93
2025-01-03,AKMM,134.15
2025-01-06,AKMM,134.3
2025-01-08,AKMM,134.38
2025-01-09,AKMM,134.42
2025-01-10,AKMM,134.67
2025-01-13,AKMM,134.74
2025-01-14,AKMM,134.8
2025-01-15,AKMM,134.88
2025-01-16,AKMM,134.96
2025-01-17,AKMM,135.17
2025-01-20,AKMM,135.26
2025-01-21,AKMM,135.33
2025-01-22,AKMM,135.41
2025-01-23,AKMM,135.5
2025-01-24,AKMM,135.71
2025-01-27,AKMM,135.79
2025-01-28,AKMM,135.87
2025-01-29,AKMM,135.95
2025-01-30,AKMM,136.01
2025-01-31,AKMM,136.22
2025-02-03,AKMM,136.31
2025-02-04,AKMM,136.41
2025-02-05,AKMM,136.49
2025-02-06,AKMM,136.57
2025-02-07,AKMM,136.79
2025-02-10,AKMM,136.86
2025-02-11,AKMM,136.97
2025-02-12,AKMM,137.0
2025-02-13,AKMM,137.07
2025-02-14,AKMM,137.31
2025-02-17,AKMM,137.38
2025-02-18,AKMM,137.43
2025-02-19,AKMM,137.5
2025-02-20,AKMM,137.59
2025-02-21,AKMM,137.81
2025-02-24,AKMM,137.87
2025-02-25,AKMM,137.93
2025-02-26,AKMM,138.02
2025-02-27,AKMM,138.12
2025-02-28,AKMM,138.36
2025-03-03,AKMM,138.43
2025-03-04,AKMM,138.51
2025-03-05,AKMM,138.63
2025-03-06,AKMM,138.68
2025-03-07,AKMM,138.91
2025-03-10,AKMM,139.05
2025-03-11,AKMM,139.12
2025-03-12,AKMM,139.21
2025-03-13,AKMM,139.3
2025-03-14,AKMM,139.53
2025-03-17,AKMM,139.61
2025-03-18,AKMM,139.67
2025-03-19,AKMM,139.72
2025-03-20,AKMM,139.79
2025-03-21,AKMM,140.02
2025-03-24,AKMM,140.1
2025-03-25,AKMM,140.17
2025-03-26,AKMM,140.26
2025-03-27,AKMM,140.34
2025-03-28,AKMM,140.54
2025-03-31,AKMM,140.66
2025-04-01,AKMM,140.75
2025-04-02,AKMM,140.82
2025-04-03,AKMM,140.94
2025-04-04,AKMM,141.2
2025-04-07,AKMM,141.24
2025-04-08,AKMM,141.35
2025-04-09,AKMM,141.39
2025-04-10,AKMM,141.52
2025-04-11,AKMM,141.71
2025-04-14,AKMM,141.8
2025-04-15,AKMM,141.87
2025-04-16,AKMM,141.96
2025-04-17,AKMM,142.07
2025-04-18,AKMM,142.27
2025-04-21,AKMM,142.33
2025-04-22,AKMM,142.41
2025-04-23,AKMM,142.51
2025-04-24,AKMM,142.56
2025-04-25,AKMM,142.81
2025-04-28,AKMM,142.89
2025-04-29,AKMM,143.01
2025-04-30,AKMM,143.15
2025-05-02,AKMM,143.39
2025-05-05,AKMM,143.47
2025-05-06,AKMM,143.56
2025-05-07,AKMM,143.63
2025-05-08,AKMM,143.94
2025-05-12,AKMM,144.04
2025-05-13,AKMM,144.1
2025-05-14,AKMM,144.2
2025-05-15,AKMM,144.3
2025-05-16,AKMM,144.51
2025-05-19,AKMM,144.58
2025-05-20,AKMM,144.67
2025-05-21,AKMM,144.73
2025-05-22,AKMM,144.81
2025-05-23,AKMM,145.05
2025-05-26,AKMM,145.12
2025-05-27,AKMM,145.2
2025-05-28,AKMM,145.27
2025-05-29,AKMM,145.34
2025-05-30,AKMM,145.61
2025-06-02,AKMM,145.69
2025-06-03,AKMM,145.76
2025-06-04,AKMM,145.87
2025-06-05,AKMM,145.94
2025-06-06,AKMM,146.19
2025-06-09,AKMM,146.28
2025-06-10,AKMM,146.37
2025-06-11,AKMM,146.54
2025-06-13,AKMM,146.73
2025-06-16,AKMM,146.84
2025-06-17,AKMM,146.95
2025-06-18,AKMM,147.02
2025-06-19,AKMM,147.11
2025-06-20,AKMM,147.29
2025-06-23,AKMM,147.35
2025-06-24,AKMM,147.44
2025-06-25,AKMM,147.55
2025-06-26,AKMM,147.62
2025-06-27,AKMM,147.83
2025-06-30,AKMM,147.9
2025-07-01,AKMM,147.99
2025-07-02,AKMM,148.08
2025-07-03,AKMM,148.15
2025-07-04,AKMM,148.39
2025-07-07,AKMM,148.45
2025-07-08,AKMM,148.54
2025-07-09,AKMM,148.59
2025-07-10,AKMM,148.69
2025-07-11,AKMM,148.92
2025-07-14,AKMM,148.97
2025-07-15,AKMM,149.07
2025-07-16,AKMM,149.15
2025-07-17,AKMM,149.24
2025-07-18,AKMM,149.45
2025-07-21,AKMM,149.51
2025-07-22,AKMM,149.59
2025-07-23,AKMM,149.67
2025-07-24,AKMM,149.76
2025-07-25,AKMM,149.96
2025-07-28,AKMM,150.02
2025-07-29,AKMM,150.1
2025-07-30,AKMM,150.18
2025-07-31,AKMM,150.28
2025-08-01,AKMM,150.5
2025-08-04,AKMM,150.57
2025-08-05,AKMM,150.63
2025-08-06,AKMM,150.71
2025-08-07,AKMM,150.76
2025-08-08,AKMM,150.96
2025-08-11,AKMM,151.08
2025-08-12,AKMM,151.13
2025-08-13,AKMM,151.21
2025-08-14,AKMM,151.29
2025-08-15,AKMM,151.45
2025-08-18,AKMM,151.53
2025-08-19,AKMM,151.62
2025-08-20,AKMM,151.71
2025-08-21,AKMM,151.77
2025-08-22,AKMM,151.96
2025-08-25,AKMM,152.02
2025-08-26,AKMM,152.11
2025-08-27,AKMM,152.18
2025-08-28,AKMM,152.25
2025-08-29,AKMM,152.45
2025-09-01,AKMM,152.52
2025-09-02,AKMM,152.59
2025-09-03,AKMM,152.69
2025-09-04,AKMM,152.75
2025-09-05,AKMM,152.96
2025-09-08,AKMM,153.03
2025-09-09,AKMM,153.11
2025-09-10,AKMM,153.18
2025-09-11,AKMM,153.24
2025-09-12,AKMM,153.43
2025-09-15,AKMM,153.5
2025-09-16,AKMM,153.6
2025-09-17,AKMM,153.66
2025-09-18,AKMM,153.71
2025-09-19,AKMM,153.91
2025-09-22,AKMM,154.0
2025-09-23,AKMM,154.05
2025-09-24,AKMM,154.13
2025-09-25,AKMM,154.19
2025-09-26,AKMM,154.43
2025-09-29,AKMM,154.5
2025-09-30,AKMM,154.56
2025-10-01,AKMM,154.64
2025-10-02,AKMM,154.7
2025-10-03,AKMM,154.92
2025-10-06,AKMM,154.98
2025-10-07,AKMM,155.03
2025-10-08,AKMM,155.11
2025-10-09,AKMM,155.17
2025-10-10,AKMM,155.37
2025-10-13,AKMM,155.45
2025-10-14,AKMM,155.52
2025-10-15,AKMM,155.58
2025-10-16,AKMM,155.66
2025-10-17,AKMM,155.85
2025-10-20,AKMM,155.93
2025-10-21,AKMM,156.0
2025-10-22,AKMM,156.06
2025-10-23,AKMM,156.14
2025-10-24,AKMM,156.34
2025-10-27,AKMM,156.39
2025-10-28,AKMM,156.48
2025-10-29,AKMM,156.53
2025-10-30,AKMM,156.6
2025-10-31,AKMM,156.67
2025-11-01,AKMM,156.81
2025-11-03,AKMM,156.95
2025-11-05,AKMM,157.03
2025-11-06,AKMM,157.09
2025-11-07,AKMM,157.3
2025-11-10,AKMM,157.36
2025-11-11,AKMM,157.43
2025-11-12,AKMM,157.51
2025-11-13,AKMM,157.58
2025-11-14,AKMM,157.79
2025-11-17,AKMM,157.83
2025-11-18,AKMM,157.92
2025-11-19,AKMM,157.99
2025-11-20,AKMM,158.03
2025-11-21,AKMM,158.25
2025-11-24,AKMM,158.28
2025-11-25,AKMM,158.36
2025-11-26,AKMM,158.47
2025-11-27,AKMM,158.52
2025-11-28,AKMM,158.69
2025-12-01,AKMM,158.78
2025-12-02,AKMM,158.85
2025-12-03,AKMM,158.93
2025-12-04,AKMM,159.0
2025-12-05,AKMM,159.2
2025-12-08,AKMM,159.27
2025-12-09,AKMM,159.34
2025-12-10,AKMM,159.41
2025-12-11,AKMM,159.49
2025-12-12,AKMM,159.69
2025-12-15,AKMM,159.76
2025-12-16,AKMM,159.8
2025-12-17,AKMM,159.9
2025-12-18,AKMM,159.96
2025-12-19,AKMM,160.16
2025-12-22,AKMM,160.22
2025-12-23,AKMM,160.28
2025-12-24,AKMM,160.32
2025-12-25,AKMM,160.39
2025-12-26,AKMM,160.58
2025-12-29,AKMM,160.66
2025-12-30,AKMM,161.06
2026-01-05,AKMM,161.12
2026-01-06,AKMM,161.24
2026-01-08,AKMM,161.32
2026-01-09,AKMM,161.49
2026-01-12,AKMM,161.64
2026-01-13,AKMM,161.71
2026-01-14,AKMM,161.78
2026-01-15,AKMM,161.85
2026-01-16,AKMM,162.05
2026-01-19,AKMM,162.11
2026-01-20,AKMM,162.17
2026-01-21,AKMM,162.23
2026-01-22,AKMM,162.32
2026-01-23,AKMM,162.5
2026-01-26,AKMM,162.58
2026-01-27,AKMM,162.65
2026-01-28,AKMM,162.71
2026-01-29,AKMM,162.78
2026-01-30,AKMM,162.96
2026-02-02,AKMM,163.06
2026-02-03,AKMM,163.12
2026-02-04,AKMM,163.19
2026-02-05,AKMM,163.27
2026-02-06,AKMM,163.45
2026-02-09,AKMM,163.51
2026-02-10,AKMM,163.58
2026-02-11,AKMM,163.66
2026-02-12,AKMM,163.72
2026-02-13,AKMM,163.88
2026-02-16,AKMM,163.95
2026-02-17,AKMM,164.03
2026-02-18,AKMM,164.12
2026-02-19,AKMM,164.17
2026-02-20,AKMM,164.4
2026-02-24,AKMM,164.5
2026-02-25,AKMM,164.57
2026-02-26,AKMM,164.65
2026-02-27,AKMM,164.83
2026-03-02,AKMM,164.87
2026-03-03,AKMM,164.94
2026-03-04,AKMM,165.03
2026-03-05,AKMM,165.11
2026-03-06,AKMM,165.29
2026-03-09,AKMM,165.35
2026-03-10,AKMM,165.42
2026-03-11,AKMM,165.5
2026-03-12,AKMM,165.56
2026-03-13,AKMM,165.74
2026-03-16,AKMM,165.8
2026-03-17,AKMM,165.87
2026-03-18,AKMM,165.93
2026-03-19,AKMM,165.98
2026-03-20,AKMM,166.17
2026-03-23,AKMM,166.23
2026-03-24,AKMM,166.3
2026-03-25,AKMM,166.38
2026-03-26,AKMM,166.46
2026-03-27,AKMM,166.61
2026-03-30,AKMM,166.69
2026-03-31,AKMM,166.79
2026-04-01,AKMM,166.81
2026-04-02,AKMM,166.92
2026-04-03,AKMM,167.08
2026-04-06,AKMM,167.18
2026-04-07,AKMM,167.22
2026-04-08,AKMM,167.27
2026-04-09,AKMM,167.34
2026-04-10,AKMM,167.52
2026-04-13,AKMM,167.6
2026-04-14,AKMM,167.65
2026-04-15,AKMM,167.71
2026-04-16,AKMM,167.82
2026-04-17,AKMM,167.98
2026-04-20,AKMM,168.04
2026-04-21,AKMM,168.12
2026-04-22,AKMM,168.21
2026-04-23,AKMM,168.27
2026-04-24,AKMM,168.45
2026-04-27,AKMM,168.49
2026-04-28,AKMM,168.57
2026-04-29,AKMM,168.65
2026-04-30,AKMM,168.92
2026-05-04,AKMM,169.0
2026-05-05,AKMM,169.04
2026-05-06,AKMM,169.1
2026-05-07,AKMM,169.18
2026-05-08,AKMM,169.35
2026-05-11,AKMM,169.42
2026-05-12,AKMM,169.47
2026-05-13,AKMM,169.54
2026-05-14,AKMM,169.6
2026-05-15,AKMM,169.8
2026-05-18,AKMM,169.86
2026-05-19,AKMM,169.9
2026-05-20,AKMM,169.96
2026-05-21,AKMM,170.04
2026-05-22,AKMM,170.22
2026-05-25,AKMM,170.3
2026-05-26,AKMM,170.33
2026-05-27,AKMM,170.44
2026-05-28,AKMM,170.5
2026-05-29,AKMM,170.69
2026-06-01,AKMM,170.75
2026-06-02,AKMM,170.82
2026-06-03,AKMM,170.88
2026-06-04,AKMM,170.94
2026-06-05,AKMM,171.12
2026-06-08,AKMM,171.17
2026-06-09,AKMM,171.24
2026-06-10,AKMM,171.33
2026-06-11,AKMM,171.57
2026-06-15,AKMM,171.62
2026-06-16,AKMM,171.65
2026-06-17,AKMM,171.74
2026-06-18,AKMM,171.79
2026-06-19,AKMM,172.01
2022-06-01,SBMM,10.765
2022-06-02,SBMM,10.751
2022-06-03,SBMM,10.773
2022-06-06,SBMM,10.777
2022-06-07,SBMM,10.783
2022-06-08,SBMM,10.779
2022-06-09,SBMM,10.792
2022-06-10,SBMM,10.791
2022-06-14,SBMM,10.811
2022-06-15,SBMM,10.796
2022-06-16,SBMM,10.813
2022-06-17,SBMM,10.819
2022-06-20,SBMM,10.817
2022-06-21,SBMM,10.804
2022-06-22,SBMM,10.81
2022-06-23,SBMM,10.819
2022-06-24,SBMM,10.83
2022-06-27,SBMM,10.822
2022-06-28,SBMM,10.819
2022-06-29,SBMM,10.817
2022-06-30,SBMM,10.82
2022-07-01,SBMM,10.839
2022-07-04,SBMM,10.845
2022-07-05,SBMM,10.837
2022-07-06,SBMM,10.85
2022-07-07,SBMM,10.865
2022-07-08,SBMM,10.869
2022-07-11,SBMM,10.869
2022-07-12,SBMM,10.865
2022-07-13,SBMM,10.865
2022-07-14,SBMM,10.882
2022-07-15,SBMM,10.884
2022-07-18,SBMM,10.888
2022-07-19,SBMM,10.89
2022-07-20,SBMM,10.893
2022-07-21,SBMM,10.9
2022-07-22,SBMM,10.903
2022-07-25,SBMM,10.896
2022-07-26,SBMM,10.895
2022-07-27,SBMM,10.891
2022-07-28,SBMM,10.91
2022-07-29,SBMM,10.913
2022-08-01,SBMM,10.925
2022-08-02,SBMM,10.923
2022-08-03,SBMM,10.924
2022-08-04,SBMM,10.934
2022-08-05,SBMM,10.92
2022-08-08,SBMM,10.941
2022-08-09,SBMM,10.932
2022-08-10,SBMM,10.939
2022-08-11,SBMM,10.941
2022-08-12,SBMM,10.944
2022-08-15,SBMM,10.957
2022-08-16,SBMM,10.945
2022-08-17,SBMM,10.95
2022-08-18,SBMM,10.964
2022-08-19,SBMM,10.967
2022-08-22,SBMM,10.963
2022-08-23,SBMM,10.968
2022-08-24,SBMM,10.966
2022-08-25,SBMM,10.977
2022-08-26,SBMM,10.982
2022-08-29,SBMM,10.97
2022-08-30,SBMM,10.97
2022-08-31,SBMM,10.974
2022-09-01,SBMM,10.993
2022-09-02,SBMM,10.998
2022-09-05,SBMM,10.986
2022-09-06,SBMM,10.998
2022-09-07,SBMM,11.0
2022-09-08,SBMM,11.004
2022-09-09,SBMM,11.01
2022-09-12,SBMM,11.01
2022-09-13,SBMM,11.012
2022-09-14,SBMM,11.01
2022-09-15,SBMM,11.023
2022-09-16,SBMM,11.017
2022-09-19,SBMM,11.026
2022-09-20,SBMM,11.019
2022-09-21,SBMM,11.019
2022-09-22,SBMM,11.029
2022-09-23,SBMM,11.031
2022-09-26,SBMM,11.037
2022-09-27,SBMM,11.045
2022-09-28,SBMM,11.045
2022-09-29,SBMM,11.044
2022-09-30,SBMM,11.042
2022-10-03,SBMM,11.062
2022-10-04,SBMM,11.055
2022-10-05,SBMM,11.06
2022-10-06,SBMM,11.063
2022-10-07,SBMM,11.063
2022-10-10,SBMM,11.077
2022-10-11,SBMM,11.07
2022-10-12,SBMM,11.073
2022-10-13,SBMM,11.072
2022-10-14,SBMM,11.081
2022-10-17,SBMM,11.087
2022-10-18,SBMM,11.086
2022-10-19,SBMM,11.088
2022-10-20,SBMM,11.094
2022-10-21,SBMM,11.096
2022-10-24,SBMM,11.095
2022-10-25,SBMM,11.098
2022-10-26,SBMM,11.102
2022-10-27,SBMM,11.107
2022-10-28,SBMM,11.111
2022-10-31,SBMM,11.112
2022-11-01,SBMM,11.115
2022-11-02,SBMM,11.122
2022-11-03,SBMM,11.126
2022-11-07,SBMM,11.129
2022-11-08,SBMM,11.129
2022-11-09,SBMM,11.132
2022-11-10,SBMM,11.138
2022-11-11,SBMM,11.138
2022-11-14,SBMM,11.14
2022-11-15,SBMM,11.142
2022-11-16,SBMM,11.143
2022-11-17,SBMM,11.15
2022-11-18,SBMM,11.154
2022-11-21,SBMM,11.157
2022-11-22,SBMM,11.158
2022-11-23,SBMM,11.16
2022-11-24,SBMM,11.167
2022-11-25,SBMM,11.17
2022-11-28,SBMM,11.172
2022-11-29,SBMM,11.174
2022-11-30,SBMM,11.174
2022-12-01,SBMM,11.181
2022-12-02,SBMM,11.183
2022-12-05,SBMM,11.186
2022-12-06,SBMM,11.187
2022-12-07,SBMM,11.19
2022-12-08,SBMM,11.197
2022-12-09,SBMM,11.198
2022-12-12,SBMM,11.2
2022-12-13,SBMM,11.201
2022-12-14,SBMM,11.204
2022-12-15,SBMM,11.21
2022-12-16,SBMM,11.213
2022-12-19,SBMM,11.215
2022-12-20,SBMM,11.216
2022-12-21,SBMM,11.216
2022-12-22,SBMM,11.226
2022-12-23,SBMM,11.228
2022-12-26,SBMM,11.229
2022-12-27,SBMM,11.231
2022-12-28,SBMM,11.232
2022-12-29,SBMM,11.241
2022-12-30,SBMM,11.248
2023-01-03,SBMM,11.249
2023-01-04,SBMM,11.25
2023-01-05,SBMM,11.256
2023-01-06,SBMM,11.26
2023-01-09,SBMM,11.262
2023-01-10,SBMM,11.258
2023-01-11,SBMM,11.262
2023-01-12,SBMM,11.271
2023-01-13,SBMM,11.277
2023-01-16,SBMM,11.277
2023-01-17,SBMM,11.279
2023-01-18,SBMM,11.281
2023-01-19,SBMM,11.279
2023-01-20,SBMM,11.284
2023-01-23,SBMM,11.286
2023-01-24,SBMM,11.288
2023-01-25,SBMM,11.29
2023-01-26,SBMM,11.298
2023-01-27,SBMM,11.3
2023-01-30,SBMM,11.3
2023-01-31,SBMM,11.301
2023-02-01,SBMM,11.305
2023-02-02,SBMM,11.312
2023-02-03,SBMM,11.311
2023-02-06,SBMM,11.311
2023-02-07,SBMM,11.313
2023-02-08,SBMM,11.316
2023-02-09,SBMM,11.318
2023-02-10,SBMM,11.324
2023-02-13,SBMM,11.329
2023-02-14,SBMM,11.332
2023-02-15,SBMM,11.332
2023-02-16,SBMM,11.34
2023-02-17,SBMM,11.337
2023-02-20,SBMM,11.341
2023-02-21,SBMM,11.343
2023-02-22,SBMM,11.354
2023-02-24,SBMM,11.354
2023-02-27,SBMM,11.358
2023-02-28,SBMM,11.361
2023-03-01,SBMM,11.362
2023-03-02,SBMM,11.37
2023-03-03,SBMM,11.372
2023-03-06,SBMM,11.378
2023-03-07,SBMM,11.38
2023-03-09,SBMM,11.386
2023-03-10,SBMM,11.388
2023-03-13,SBMM,11.388
2023-03-14,SBMM,11.389
2023-03-15,SBMM,11.388
2023-03-16,SBMM,11.394
2023-03-17,SBMM,11.396
2023-03-20,SBMM,11.402
2023-03-21,SBMM,11.405
2023-03-22,SBMM,11.408
2023-03-23,SBMM,11.414
2023-03-24,SBMM,11.412
2023-03-27,SBMM,11.417
2023-03-28,SBMM,11.413
2023-03-29,SBMM,11.415
2023-03-30,SBMM,11.426
2023-03-31,SBMM,11.432
2023-04-03,SBMM,11.433
2023-04-04,SBMM,11.435
2023-04-05,SBMM,11.436
2023-04-06,SBMM,11.434
2023-04-07,SBMM,11.445
2023-04-10,SBMM,11.448
2023-04-11,SBMM,11.45
2023-04-12,SBMM,11.45
2023-04-13,SBMM,11.458
2023-04-14,SBMM,11.459
2023-04-17,SBMM,11.462
2023-04-18,SBMM,11.461
2023-04-19,SBMM,11.463
2023-04-20,SBMM,11.467
2023-04-21,SBMM,11.472
2023-04-24,SBMM,11.475
2023-04-25,SBMM,11.477
2023-04-26,SBMM,11.48
2023-04-27,SBMM,11.488
2023-04-28,SBMM,11.49
2023-05-02,SBMM,11.492
2023-05-03,SBMM,11.494
2023-05-04,SBMM,11.497
2023-05-05,SBMM,11.505
2023-05-08,SBMM,11.504
2023-05-10,SBMM,11.506
2023-05-11,SBMM,11.515
2023-05-12,SBMM,11.517
2023-05-15,SBMM,11.52
2023-05-16,SBMM,11.52
2023-05-17,SBMM,11.522
2023-05-18,SBMM,11.528
2023-05-19,SBMM,11.526
2023-05-22,SBMM,11.526
2023-05-23,SBMM,11.527
2023-05-24,SBMM,11.536
2023-05-25,SBMM,11.542
2023-05-26,SBMM,11.546
2023-05-29,SBMM,11.549
2023-05-30,SBMM,11.552
2023-05-31,SBMM,11.554
2023-06-01,SBMM,11.557
2023-06-02,SBMM,11.562
2023-06-05,SBMM,11.565
2023-06-06,SBMM,11.567
2023-06-07,SBMM,11.567
2023-06-08,SBMM,11.57
2023-06-09,SBMM,11.578
2023-06-13,SBMM,11.579
2023-06-14,SBMM,11.583
2023-06-15,SBMM,11.591
2023-06-16,SBMM,11.592
2023-06-19,SBMM,11.595
2023-06-20,SBMM,11.596
2023-06-21,SBMM,11.597
2023-06-22,SBMM,11.605
2023-06-23,SBMM,11.607
2023-06-26,SBMM,11.609
2023-06-27,SBMM,11.611
2023-06-28,SBMM,11.611
2023-06-29,SBMM,11.611
2023-06-30,SBMM,11.621
2023-07-03,SBMM,11.624
2023-07-04,SBMM,11.626
2023-07-05,SBMM,11.623
2023-07-06,SBMM,11.634
2023-07-07,SBMM,11.636
2023-07-10,SBMM,11.639
2023-07-11,SBMM,11.64
2023-07-12,SBMM,11.64
2023-07-13,SBMM,11.644
2023-07-14,SBMM,11.649
2023-07-17,SBMM,11.65
2023-07-18,SBMM,11.649
2023-07-19,SBMM,11.657
2023-07-20,SBMM,11.665
2023-07-21,SBMM,11.667
2023-07-24,SBMM,11.671
2023-07-25,SBMM,11.671
2023-07-26,SBMM,11.675
2023-07-27,SBMM,11.682
2023-07-28,SBMM,11.674
2023-07-31,SBMM,11.683
2023-08-01,SBMM,11.68
2023-08-02,SBMM,11.689
2023-08-03,SBMM,11.691
2023-08-04,SBMM,11.695
2023-08-07,SBMM,11.7
2023-08-08,SBMM,11.703
2023-08-09,SBMM,11.705
2023-08-10,SBMM,11.708
2023-08-11,SBMM,11.715
2023-08-14,SBMM,11.717
2023-08-15,SBMM,11.721
2023-08-16,SBMM,11.724
2023-08-17,SBMM,11.727
2023-08-18,SBMM,11.738
2023-08-21,SBMM,11.741
2023-08-22,SBMM,11.744
2023-08-23,SBMM,11.747
2023-08-24,SBMM,11.75
2023-08-25,SBMM,11.761
2023-08-28,SBMM,11.764
2023-08-29,SBMM,11.769
2023-08-30,SBMM,11.771
2023-08-31,SBMM,11.774
2023-09-01,SBMM,11.785
2023-09-04,SBMM,11.789
2023-09-05,SBMM,11.792
2023-09-06,SBMM,11.794
2023-09-07,SBMM,11.799
2023-09-08,SBMM,11.809
2023-09-11,SBMM,11.812
2023-09-12,SBMM,11.817
2023-09-13,SBMM,11.819
2023-09-14,SBMM,11.814
2023-09-15,SBMM,11.835
2023-09-18,SBMM,11.84
2023-09-19,SBMM,11.843
2023-09-20,SBMM,11.844
2023-09-21,SBMM,11.844
2023-09-22,SBMM,11.85
2023-09-25,SBMM,11.85
2023-09-26,SBMM,11.85
2023-09-27,SBMM,11.874
2023-09-28,SBMM,11.877
2023-09-29,SBMM,11.889
2023-10-02,SBMM,11.893
2023-10-03,SBMM,11.897
2023-10-04,SBMM,11.9
2023-10-05,SBMM,11.904
2023-10-06,SBMM,11.915
2023-10-09,SBMM,11.918
2023-10-10,SBMM,11.923
2023-10-11,SBMM,11.927
2023-10-12,SBMM,11.93
2023-10-13,SBMM,11.942
2023-10-16,SBMM,11.946
2023-10-17,SBMM,11.95
2023-10-18,SBMM,11.954
2023-10-19,SBMM,11.956
2023-10-20,SBMM,11.969
2023-10-23,SBMM,11.975
2023-10-24,SBMM,11.976
2023-10-25,SBMM,11.979
2023-10-26,SBMM,11.984
2023-10-27,SBMM,11.998
2023-10-30,SBMM,12.004
2023-10-31,SBMM,12.007
2023-11-01,SBMM,12.011
2023-11-02,SBMM,12.013
2023-11-03,SBMM,12.0275
2023-11-06,SBMM,12.0315
2023-11-07,SBMM,12.036
2023-11-08,SBMM,12.04
2023-11-09,SBMM,12.039
2023-11-10,SBMM,12.0535
2023-11-13,SBMM,12.057
2023-11-14,SBMM,12.0625
2023-11-15,SBMM,12.0675
2023-11-16,SBMM,12.0725
2023-11-17,SBMM,12.0865
2023-11-20,SBMM,12.0915
2023-11-21,SBMM,12.0955
2023-11-22,SBMM,12.0995
2023-11-23,SBMM,12.1045
2023-11-24,SBMM,12.119
2023-11-27,SBMM,12.1235
2023-11-28,SBMM,12.1285
2023-11-29,SBMM,12.134
2023-11-30,SBMM,12.138
2023-12-01,SBMM,12.152
2023-12-04,SBMM,12.156
2023-12-05,SBMM,12.1615
2023-12-06,SBMM,12.166
2023-12-07,SBMM,12.1705
2023-12-08,SBMM,12.1845
2023-12-11,SBMM,12.189
2023-12-12,SBMM,12.194
2023-12-13,SBMM,12.198
2023-12-14,SBMM,12.203
2023-12-15,SBMM,12.2185
2023-12-18,SBMM,12.224
2023-12-19,SBMM,12.2295
2023-12-20,SBMM,12.234
2023-12-21,SBMM,12.239
2023-12-22,SBMM,12.254
2023-12-25,SBMM,12.259
2023-12-26,SBMM,12.264
2023-12-27,SBMM,12.2685
2023-12-28,SBMM,12.274
2023-12-29,SBMM,12.299
2024-01-03,SBMM,12.305
2024-01-04,SBMM,12.31
2024-01-05,SBMM,12.326
2024-01-08,SBMM,12.3325
2024-01-09,SBMM,12.3365
2024-01-10,SBMM,12.3415
2024-01-11,SBMM,12.347
2024-01-12,SBMM,12.362
2024-01-15,SBMM,12.3665
2024-01-16,SBMM,12.372
2024-01-17,SBMM,12.3765
2024-01-18,SBMM,12.382
2024-01-19,SBMM,12.3975
2024-01-22,SBMM,12.402
2024-01-23,SBMM,12.408
2024-01-24,SBMM,12.413
2024-01-25,SBMM,12.418
2024-01-26,SBMM,12.4335
2024-01-29,SBMM,12.4375
2024-01-30,SBMM,12.443
2024-01-31,SBMM,12.4475
2024-02-01,SBMM,12.453
2024-02-02,SBMM,12.469
2024-02-05,SBMM,12.474
2024-02-06,SBMM,12.4795
2024-02-07,SBMM,12.482
2024-02-08,SBMM,12.484
2024-02-09,SBMM,12.5045
2024-02-12,SBMM,12.5095
2024-02-13,SBMM,12.5155
2024-02-14,SBMM,12.52
2024-02-15,SBMM,12.5245
2024-02-16,SBMM,12.54
2024-02-19,SBMM,12.545
2024-02-20,SBMM,12.5485
2024-02-21,SBMM,12.5545
2024-02-22,SBMM,12.574
2024-02-26,SBMM,12.582
2024-02-27,SBMM,12.5875
2024-02-28,SBMM,12.591
2024-02-29,SBMM,12.598
2024-03-01,SBMM,12.614
2024-03-04,SBMM,12.619
2024-03-05,SBMM,12.6235
2024-03-06,SBMM,12.6285
2024-03-07,SBMM,12.649
2024-03-11,SBMM,12.6545
2024-03-12,SBMM,12.6595
2024-03-13,SBMM,12.665
2024-03-14,SBMM,12.67
2024-03-15,SBMM,12.6865
2024-03-18,SBMM,12.6905
2024-03-19,SBMM,12.6965
2024-03-20,SBMM,12.702
2024-03-21,SBMM,12.7075
2024-03-22,SBMM,12.723
2024-03-25,SBMM,12.7285
2024-03-26,SBMM,12.7335
2024-03-27,SBMM,12.738
2024-03-28,SBMM,12.744
2024-03-29,SBMM,12.76
2024-04-01,SBMM,12.7645
2024-04-02,SBMM,12.77
2024-04-03,SBMM,12.7755
2024-04-04,SBMM,12.781
2024-04-05,SBMM,12.796
2024-04-08,SBMM,12.802
2024-04-09,SBMM,12.8075
2024-04-10,SBMM,12.8125
2024-04-11,SBMM,12.8175
2024-04-12,SBMM,12.833
2024-04-15,SBMM,12.839
2024-04-16,SBMM,12.8425
2024-04-17,SBMM,12.8475
2024-04-18,SBMM,12.8535
2024-04-19,SBMM,12.87
2024-04-22,SBMM,12.875
2024-04-23,SBMM,12.881
2024-04-24,SBMM,12.886
2024-04-25,SBMM,12.8915
2024-04-26,SBMM,12.8965
2024-04-27,SBMM,12.9075
2024-04-29,SBMM,12.913
2024-04-30,SBMM,12.924
2024-05-02,SBMM,12.9295
2024-05-03,SBMM,12.9465
2024-05-06,SBMM,12.952
2024-05-07,SBMM,12.9575
2024-05-08,SBMM,12.968
2024-05-10,SBMM,12.9845
2024-05-13,SBMM,12.9905
2024-05-14,SBMM,12.9965
2024-05-15,SBMM,13.0015
2024-05-16,SBMM,13.0075
2024-05-17,SBMM,13.024
2024-05-20,SBMM,13.028
2024-05-21,SBMM,13.034
2024-05-22,SBMM,13.04
2024-05-23,SBMM,13.0455
2024-05-24,SBMM,13.062
2024-05-27,SBMM,13.067
2024-05-28,SBMM,13.073
2024-05-29,SBMM,13.078
2024-05-30,SBMM,13.0835
2024-05-31,SBMM,13.1005
2024-06-03,SBMM,13.1055
2024-06-04,SBMM,13.112
2024-06-05,SBMM,13.1165
2024-06-06,SBMM,13.122
2024-06-07,SBMM,13.1395
2024-06-10,SBMM,13.145
2024-06-11,SBMM,13.156
2024-06-13,SBMM,13.16
2024-06-14,SBMM,13.1775
2024-06-17,SBMM,13.1825
2024-06-18,SBMM,13.1885
2024-06-19,SBMM,13.1935
2024-06-20,SBMM,13.1985
2024-06-21,SBMM,13.215
2024-06-24,SBMM,13.221
2024-06-25,SBMM,13.2255
2024-06-26,SBMM,13.231
2024-06-27,SBMM,13.2365
2024-06-28,SBMM,13.253
2024-07-01,SBMM,13.2575
2024-07-02,SBMM,13.2635
2024-07-03,SBMM,13.27
2024-07-04,SBMM,13.2755
2024-07-05,SBMM,13.2915
2024-07-08,SBMM,13.298
2024-07-09,SBMM,13.3025
2024-07-10,SBMM,13.309
2024-07-11,SBMM,13.3145
2024-07-12,SBMM,13.332
2024-07-15,SBMM,13.338
2024-07-16,SBMM,13.344
2024-07-17,SBMM,13.3495
2024-07-18,SBMM,13.355
2024-07-19,SBMM,13.3715
2024-07-22,SBMM,13.3775
2024-07-23,SBMM,13.383
2024-07-24,SBMM,13.3875
2024-07-25,SBMM,13.392
2024-07-26,SBMM,13.4095
2024-07-29,SBMM,13.415
2024-07-30,SBMM,13.421
2024-07-31,SBMM,13.4275
2024-08-01,SBMM,13.434
2024-08-02,SBMM,13.453
2024-08-05,SBMM,13.459
2024-08-06,SBMM,13.464
2024-08-07,SBMM,13.471
2024-08-08,SBMM,13.4765
2024-08-09,SBMM,13.4955
2024-08-12,SBMM,13.501
2024-08-13,SBMM,13.5075
2024-08-14,SBMM,13.514
2024-08-15,SBMM,13.52
2024-08-16,SBMM,13.539
2024-08-19,SBMM,13.546
2024-08-20,SBMM,13.5515
2024-08-21,SBMM,13.558
2024-08-22,SBMM,13.565
2024-08-23,SBMM,13.585
2024-08-26,SBMM,13.5915
2024-08-27,SBMM,13.5985
2024-08-28,SBMM,13.6055
2024-08-29,SBMM,13.612
2024-08-30,SBMM,13.6315
2024-09-02,SBMM,13.6385
2024-09-03,SBMM,13.6445
2024-09-04,SBMM,13.6515
2024-09-05,SBMM,13.658
2024-09-06,SBMM,13.678
2024-09-09,SBMM,13.684
2024-09-10,SBMM,13.6915
2024-09-11,SBMM,13.698
2024-09-12,SBMM,13.704
2024-09-13,SBMM,13.7245
2024-09-16,SBMM,13.7305
2024-09-17,SBMM,13.738
2024-09-18,SBMM,13.745
2024-09-19,SBMM,13.752
2024-09-20,SBMM,13.773
2024-09-23,SBMM,13.779
2024-09-24,SBMM,13.785
2024-09-25,SBMM,13.792
2024-09-26,SBMM,13.798
2024-09-27,SBMM,13.818
2024-09-30,SBMM,13.824
2024-10-01,SBMM,13.8315
2024-10-02,SBMM,13.8365
2024-10-03,SBMM,13.8435
2024-10-04,SBMM,13.863
2024-10-07,SBMM,13.8685
2024-10-08,SBMM,13.875
2024-10-09,SBMM,13.8805
2024-10-10,SBMM,13.8875
2024-10-11,SBMM,13.9075
2024-10-14,SBMM,13.914
2024-10-15,SBMM,13.92
2024-10-16,SBMM,13.9275
2024-10-17,SBMM,13.9345
2024-10-18,SBMM,13.9555
2024-10-21,SBMM,13.9625
2024-10-22,SBMM,13.97
2024-10-23,SBMM,13.978
2024-10-24,SBMM,13.9855
2024-10-25,SBMM,14.007
2024-10-28,SBMM,14.0145
2024-10-29,SBMM,14.022
2024-10-30,SBMM,14.029
2024-10-31,SBMM,14.038
2024-11-01,SBMM,14.0465
2024-11-02,SBMM,14.07
2024-11-05,SBMM,14.0785
2024-11-06,SBMM,14.087
2024-11-07,SBMM,14.0945
2024-11-08,SBMM,14.1195
2024-11-11,SBMM,14.1275
2024-11-12,SBMM,14.1345
2024-11-13,SBMM,14.143
2024-11-14,SBMM,14.151
2024-11-15,SBMM,14.1745
2024-11-18,SBMM,14.183
2024-11-19,SBMM,14.1915
2024-11-20,SBMM,14.201
2024-11-21,SBMM,14.2085
2024-11-22,SBMM,14.2325
2024-11-25,SBMM,14.24
2024-11-26,SBMM,14.248
2024-11-27,SBMM,14.255
2024-11-28,SBMM,14.263
2024-11-29,SBMM,14.287
2024-12-02,SBMM,14.2945
2024-12-03,SBMM,14.303
2024-12-04,SBMM,14.311
2024-12-05,SBMM,14.319
2024-12-06,SBMM,14.3425
2024-12-09,SBMM,14.3505
2024-12-10,SBMM,14.3585
2024-12-11,SBMM,14.3655
2024-12-12,SBMM,14.3735
2024-12-13,SBMM,14.3995
2024-12-16,SBMM,14.408
2024-12-17,SBMM,14.416
2024-12-18,SBMM,14.424
2024-12-19,SBMM,14.432
2024-12-20,SBMM,14.458
2024-12-23,SBMM,14.4655
2024-12-24,SBMM,14.4735
2024-12-25,SBMM,14.481
2024-12-26,SBMM,14.4885
2024-12-27,SBMM,14.4975
2024-12-28,SBMM,14.513
2024-12-30,SBMM,14.5425
2025-01-03,SBMM,14.5655
2025-01-06,SBMM,14.582
2025-01-08,SBMM,14.589
2025-01-09,SBMM,14.597
2025-01-10,SBMM,14.6225
2025-01-13,SBMM,14.631
2025-01-14,SBMM,14.64
2025-01-15,SBMM,14.647
2025-01-16,SBMM,14.6545
2025-01-17,SBMM,14.679
2025-01-20,SBMM,14.687
2025-01-21,SBMM,14.6945
2025-01-22,SBMM,14.7025
2025-01-23,SBMM,14.7105
2025-01-24,SBMM,14.735
2025-01-27,SBMM,14.7435
2025-01-28,SBMM,14.7525
2025-01-29,SBMM,14.76
2025-01-30,SBMM,14.7685
2025-01-31,SBMM,14.792
2025-02-03,SBMM,14.8
2025-02-04,SBMM,14.808
2025-02-05,SBMM,14.8155
2025-02-06,SBMM,14.824
2025-02-07,SBMM,14.848
2025-02-10,SBMM,14.8565
2025-02-11,SBMM,14.865
2025-02-12,SBMM,14.8735
2025-02-13,SBMM,14.882
2025-02-14,SBMM,14.906
2025-02-17,SBMM,14.9135
2025-02-18,SBMM,14.9225
2025-02-19,SBMM,14.931
2025-02-20,SBMM,14.9395
2025-02-21,SBMM,14.964
2025-02-24,SBMM,14.9735
2025-02-25,SBMM,14.9825
2025-02-26,SBMM,14.9905
2025-02-27,SBMM,14.9995
2025-02-28,SBMM,15.0245
2025-03-03,SBMM,15.0325
2025-03-04,SBMM,15.041
2025-03-05,SBMM,15.0505
2025-03-06,SBMM,15.0585
2025-03-07,SBMM,15.0845
2025-03-10,SBMM,15.0925
2025-03-11,SBMM,15.1015
2025-03-12,SBMM,15.11
2025-03-13,SBMM,15.119
2025-03-14,SBMM,15.1455
2025-03-17,SBMM,15.1545
2025-03-18,SBMM,15.1625
2025-03-19,SBMM,15.172
2025-03-20,SBMM,15.181
2025-03-21,SBMM,15.207
2025-03-24,SBMM,15.217
2025-03-25,SBMM,15.226
2025-03-26,SBMM,15.2345
2025-03-27,SBMM,15.243
2025-03-28,SBMM,15.269
2025-03-31,SBMM,15.278
2025-04-01,SBMM,15.286
2025-04-02,SBMM,15.2955
2025-04-03,SBMM,15.3045
2025-04-04,SBMM,15.3305
2025-04-07,SBMM,15.341
2025-04-08,SBMM,15.35
2025-04-09,SBMM,15.3595
2025-04-10,SBMM,15.369
2025-04-11,SBMM,15.3955
2025-04-14,SBMM,15.405
2025-04-15,SBMM,15.415
2025-04-16,SBMM,15.4235
2025-04-17,SBMM,15.432
2025-04-18,SBMM,15.458
2025-04-21,SBMM,15.467
2025-04-22,SBMM,15.4755
2025-04-23,SBMM,15.4845
2025-04-24,SBMM,15.493
2025-04-25,SBMM,15.52
2025-04-28,SBMM,15.528
2025-04-29,SBMM,15.536
2025-04-30,SBMM,15.554
2025-05-02,SBMM,15.5795
2025-05-05,SBMM,15.5875
2025-05-06,SBMM,15.595
2025-05-07,SBMM,15.6045
2025-05-08,SBMM,15.64
2025-05-12,SBMM,15.648
2025-05-13,SBMM,15.6575
2025-05-14,SBMM,15.666
2025-05-15,SBMM,15.675
2025-05-16,SBMM,15.703
2025-05-19,SBMM,15.7115
2025-05-20,SBMM,15.72
2025-05-21,SBMM,15.728
2025-05-22,SBMM,15.7375
2025-05-23,SBMM,15.7645
2025-05-26,SBMM,15.773
2025-05-27,SBMM,15.781
2025-05-28,SBMM,15.791
2025-05-29,SBMM,15.8
2025-05-30,SBMM,15.8275
2025-06-02,SBMM,15.836
2025-06-03,SBMM,15.8455
2025-06-04,SBMM,15.8545
2025-06-05,SBMM,15.863
2025-06-06,SBMM,15.89
2025-06-09,SBMM,15.8975
2025-06-10,SBMM,15.9065
2025-06-11,SBMM,15.923
2025-06-13,SBMM,15.949
2025-06-16,SBMM,15.9575
2025-06-17,SBMM,15.9665
2025-06-18,SBMM,15.9745
2025-06-19,SBMM,15.9835
2025-06-20,SBMM,16.0095
2025-06-23,SBMM,16.018
2025-06-24,SBMM,16.0265
2025-06-25,SBMM,16.035
2025-06-26,SBMM,16.0425
2025-06-27,SBMM,16.0685
2025-06-30,SBMM,16.0775
2025-07-01,SBMM,16.0865
2025-07-02,SBMM,16.095
2025-07-03,SBMM,16.104
2025-07-04,SBMM,16.13
2025-07-07,SBMM,16.1385
2025-07-08,SBMM,16.1475
2025-07-09,SBMM,16.156
2025-07-10,SBMM,16.1645
2025-07-11,SBMM,16.1895
2025-07-14,SBMM,16.197
2025-07-15,SBMM,16.2065
2025-07-16,SBMM,16.215
2025-07-17,SBMM,16.223
2025-07-18,SBMM,16.248
2025-07-21,SBMM,16.256
2025-07-22,SBMM,16.265
2025-07-23,SBMM,16.273
2025-07-24,SBMM,16.2815
2025-07-25,SBMM,16.307
2025-07-28,SBMM,16.3145
2025-07-29,SBMM,16.3225
2025-07-30,SBMM,16.331
2025-07-31,SBMM,16.3395
2025-08-01,SBMM,16.3635
2025-08-04,SBMM,16.372
2025-08-05,SBMM,16.3795
2025-08-06,SBMM,16.387
2025-08-07,SBMM,16.395
2025-08-08,SBMM,16.4185
2025-08-11,SBMM,16.427
2025-08-12,SBMM,16.435
2025-08-13,SBMM,16.442
2025-08-14,SBMM,16.45
2025-08-15,SBMM,16.4735
2025-08-18,SBMM,16.481
2025-08-19,SBMM,16.4885
2025-08-20,SBMM,16.4975
2025-08-21,SBMM,16.5045
2025-08-22,SBMM,16.529
2025-08-25,SBMM,16.5375
2025-08-26,SBMM,16.5445
2025-08-27,SBMM,16.552
2025-08-28,SBMM,16.56
2025-08-29,SBMM,16.583
2025-09-01,SBMM,16.591
2025-09-02,SBMM,16.598
2025-09-03,SBMM,16.607
2025-09-04,SBMM,16.615
2025-09-05,SBMM,16.638
2025-09-08,SBMM,16.6465
2025-09-09,SBMM,16.6535
2025-09-10,SBMM,16.662
2025-09-11,SBMM,16.6695
2025-09-12,SBMM,16.693
2025-09-15,SBMM,16.7
2025-09-16,SBMM,16.708
2025-09-17,SBMM,16.715
2025-09-18,SBMM,16.7235
2025-09-19,SBMM,16.7465
2025-09-22,SBMM,16.7545
2025-09-23,SBMM,16.762
2025-09-24,SBMM,16.769
2025-09-25,SBMM,16.777
2025-09-26,SBMM,16.8
2025-09-29,SBMM,16.808
2025-09-30,SBMM,16.816
2025-10-01,SBMM,16.824
2025-10-02,SBMM,16.8315
2025-10-03,SBMM,16.854
2025-10-06,SBMM,16.8625
2025-10-07,SBMM,16.87
2025-10-08,SBMM,16.8775
2025-10-09,SBMM,16.884
2025-10-10,SBMM,16.908
2025-10-13,SBMM,16.9155
2025-10-14,SBMM,16.9225
2025-10-15,SBMM,16.93
2025-10-16,SBMM,16.938
2025-10-17,SBMM,16.961
2025-10-20,SBMM,16.968
2025-10-21,SBMM,16.976
2025-10-22,SBMM,16.983
2025-10-23,SBMM,16.991
2025-10-24,SBMM,17.014
2025-10-27,SBMM,17.021
2025-10-28,SBMM,17.0285
2025-10-29,SBMM,17.0355
2025-10-30,SBMM,17.043
2025-10-31,SBMM,17.051
2025-11-01,SBMM,17.0655
2025-11-03,SBMM,17.0815
2025-11-05,SBMM,17.0885
2025-11-06,SBMM,17.0965
2025-11-07,SBMM,17.1185
2025-11-10,SBMM,17.126
2025-11-11,SBMM,17.134
2025-11-12,SBMM,17.1415
2025-11-13,SBMM,17.1495
2025-11-14,SBMM,17.173
2025-11-17,SBMM,17.18
2025-11-18,SBMM,17.1885
2025-11-19,SBMM,17.197
2025-11-20,SBMM,17.205
2025-11-21,SBMM,17.229
2025-11-24,SBMM,17.236
2025-11-25,SBMM,17.2445
2025-11-26,SBMM,17.253
2025-11-27,SBMM,17.261
2025-11-28,SBMM,17.2845
2025-12-01,SBMM,17.292
2025-12-02,SBMM,17.3005
2025-12-03,SBMM,17.309
2025-12-04,SBMM,17.316
2025-12-05,SBMM,17.34
2025-12-08,SBMM,17.3475
2025-12-09,SBMM,17.355
2025-12-10,SBMM,17.363
2025-12-11,SBMM,17.371
2025-12-12,SBMM,17.394
2025-12-15,SBMM,17.4015
2025-12-16,SBMM,17.4095
2025-12-17,SBMM,17.417
2025-12-18,SBMM,17.4245
2025-12-19,SBMM,17.4475
2025-12-22,SBMM,17.4545
2025-12-23,SBMM,17.4615
2025-12-24,SBMM,17.4695
2025-12-25,SBMM,17.477
2025-12-26,SBMM,17.5005
2025-12-29,SBMM,17.5075
2025-12-30,SBMM,17.5535
2026-01-05,SBMM,17.5605
2026-01-06,SBMM,17.575
2026-01-08,SBMM,17.5835
2026-01-09,SBMM,17.606
2026-01-12,SBMM,17.613
2026-01-13,SBMM,17.6205
2026-01-14,SBMM,17.629
2026-01-15,SBMM,17.636
2026-01-16,SBMM,17.6595
2026-01-19,SBMM,17.6685
2026-01-20,SBMM,17.6755
2026-01-21,SBMM,17.684
2026-01-22,SBMM,17.6925
2026-01-23,SBMM,17.7145
2026-01-26,SBMM,17.7225
2026-01-27,SBMM,17.7305
2026-01-28,SBMM,17.737
2026-01-29,SBMM,17.745
2026-01-30,SBMM,17.768
2026-02-02,SBMM,17.7755
2026-02-03,SBMM,17.783
2026-02-04,SBMM,17.791
2026-02-05,SBMM,17.799
2026-02-06,SBMM,17.821
2026-02-09,SBMM,17.829
2026-02-10,SBMM,17.8365
2026-02-11,SBMM,17.8435
2026-02-12,SBMM,17.851
2026-02-13,SBMM,17.8735
2026-02-16,SBMM,17.881
2026-02-17,SBMM,17.888
2026-02-18,SBMM,17.896
2026-02-19,SBMM,17.903
2026-02-20,SBMM,17.933
2026-02-24,SBMM,17.9405
2026-02-25,SBMM,17.9475
2026-02-26,SBMM,17.9555
2026-02-27,SBMM,17.978
2026-03-02,SBMM,17.985
2026-03-03,SBMM,17.993
2026-03-04,SBMM,18.0
2026-03-05,SBMM,18.008
2026-03-06,SBMM,18.03
2026-03-09,SBMM,18.038
2026-03-10,SBMM,18.0455
2026-03-11,SBMM,18.0535
2026-03-12,SBMM,18.0605
2026-03-13,SBMM,18.083
2026-03-16,SBMM,18.0895
2026-03-17,SBMM,18.0965
2026-03-18,SBMM,18.104
2026-03-19,SBMM,18.111
2026-03-20,SBMM,18.131
2026-03-23,SBMM,18.138
2026-03-24,SBMM,18.145
2026-03-25,SBMM,18.152
2026-03-26,SBMM,18.1585
2026-03-27,SBMM,18.18
2026-03-30,SBMM,18.186
2026-03-31,SBMM,18.1925
2026-04-01,SBMM,18.1995
2026-04-02,SBMM,18.206
2026-04-03,SBMM,18.2265
2026-04-06,SBMM,18.233
2026-04-07,SBMM,18.24
2026-04-08,SBMM,18.2475
2026-04-09,SBMM,18.2545
2026-04-10,SBMM,18.276
2026-04-13,SBMM,18.284
2026-04-14,SBMM,18.2905
2026-04-15,SBMM,18.2975
2026-04-16,SBMM,18.304
2026-04-17,SBMM,18.325
2026-04-20,SBMM,18.332
2026-04-21,SBMM,18.3385
2026-04-22,SBMM,18.3465
2026-04-23,SBMM,18.353
2026-04-24,SBMM,18.374
2026-04-27,SBMM,18.3815
2026-04-28,SBMM,18.389
2026-04-29,SBMM,18.396
2026-04-30,SBMM,18.4245
2026-05-04,SBMM,18.431
2026-05-05,SBMM,18.4375
2026-05-06,SBMM,18.445
2026-05-07,SBMM,18.4515
2026-05-08,SBMM,18.4725
2026-05-11,SBMM,18.4795
2026-05-12,SBMM,18.4875
2026-05-13,SBMM,18.494
2026-05-14,SBMM,18.5
2026-05-15,SBMM,18.5225
2026-05-18,SBMM,18.53
2026-05-19,SBMM,18.5365
2026-05-20,SBMM,18.544
2026-05-21,SBMM,18.552
2026-05-22,SBMM,18.572
2026-05-25,SBMM,18.5795
2026-05-26,SBMM,18.586
2026-05-27,SBMM,18.594
2026-05-28,SBMM,18.601
2026-05-29,SBMM,18.6215
2026-06-01,SBMM,18.63
2026-06-02,SBMM,18.636
2026-06-03,SBMM,18.644
2026-06-04,SBMM,18.651
2026-06-05,SBMM,18.6695
2026-06-08,SBMM,18.6775
2026-06-09,SBMM,18.6845
2026-06-10,SBMM,18.692
2026-06-11,SBMM,18.7205
2026-06-15,SBMM,18.727
2026-06-16,SBMM,18.7335
2026-06-17,SBMM,18.7405
2026-06-18,SBMM,18.748
2026-06-19,SBMM,18.768
2023-07-12,TMON,100.16
2023-07-13,TMON,100.21
2023-07-14,TMON,100.23
2023-07-17,TMON,100.25
2023-07-18,TMON,100.27
2023-07-19,TMON,100.28
2023-07-20,TMON,100.36
2023-07-21,TMON,100.25
2023-07-24,TMON,100.4
2023-07-25,TMON,100.38
2023-07-26,TMON,100.41
2023-07-27,TMON,100.29
2023-07-28,TMON,100.5
2023-07-31,TMON,100.45
2023-08-01,TMON,100.54
2023-08-02,TMON,100.55
2023-08-03,TMON,100.54
2023-08-04,TMON,100.63
2023-08-07,TMON,100.49
2023-08-08,TMON,100.46
2023-08-09,TMON,100.67
2023-08-10,TMON,100.7
2023-08-11,TMON,100.77
2023-08-14,TMON,100.61
2023-08-15,TMON,100.81
2023-08-16,TMON,100.87
2023-08-17,TMON,100.87
2023-08-18,TMON,100.97
2023-08-21,TMON,101.02
2023-08-22,TMON,101.02
2023-08-23,TMON,101.05
2023-08-24,TMON,101.09
2023-08-25,TMON,101.19
2023-08-28,TMON,101.24
2023-08-29,TMON,101.26
2023-08-30,TMON,101.27
2023-08-31,TMON,101.31
2023-09-01,TMON,101.41
2023-09-04,TMON,101.52
2023-09-05,TMON,101.51
2023-09-06,TMON,101.59
2023-09-07,TMON,101.61
2023-09-08,TMON,101.75
2023-09-11,TMON,101.77
2023-09-12,TMON,101.75
2023-09-13,TMON,101.71
2023-09-14,TMON,101.86
2023-09-15,TMON,101.77
2023-09-18,TMON,102.0
2023-09-19,TMON,102.04
2023-09-20,TMON,102.03
2023-09-21,TMON,102.07
2023-09-22,TMON,102.1
2023-09-25,TMON,102.24
2023-09-26,TMON,102.23
2023-09-27,TMON,102.22
2023-09-28,TMON,102.31
2023-09-29,TMON,102.37
2023-10-02,TMON,102.42
2023-10-03,TMON,102.47
2023-10-04,TMON,102.46
2023-10-05,TMON,102.4
2023-10-06,TMON,102.66
2023-10-09,TMON,102.73
2023-10-10,TMON,102.73
2023-10-11,TMON,102.68
2023-10-12,TMON,102.79
2023-10-13,TMON,102.9
2023-10-16,TMON,102.88
2023-10-17,TMON,102.9
2023-10-18,TMON,102.95
2023-10-19,TMON,102.91
2023-10-20,TMON,103.1
2023-10-23,TMON,103.1
2023-10-24,TMON,103.14
2023-10-25,TMON,103.18
2023-10-26,TMON,103.18
2023-10-27,TMON,103.35
2023-10-30,TMON,103.29
2023-10-31,TMON,103.29
2023-11-01,TMON,103.43
2023-11-02,TMON,103.37
2023-11-03,TMON,103.63
2023-11-06,TMON,103.65
2023-11-07,TMON,103.66
2023-11-08,TMON,103.7
2023-11-09,TMON,103.74
2023-11-10,TMON,103.82
2023-11-13,TMON,103.92
2023-11-14,TMON,103.85
2023-11-15,TMON,103.92
2023-11-16,TMON,104.01
2023-11-17,TMON,104.18
2023-11-20,TMON,104.2
2023-11-21,TMON,104.22
2023-11-22,TMON,104.2
2023-11-23,TMON,104.29
2023-11-24,TMON,104.47
2023-11-27,TMON,104.43
2023-11-28,TMON,104.52
2023-11-29,TMON,104.56
2023-11-30,TMON,104.6
2023-12-01,TMON,104.78
2023-12-04,TMON,104.81
2023-12-05,TMON,104.81
2023-12-06,TMON,104.83
2023-12-07,TMON,104.9
2023-12-08,TMON,105.06
2023-12-11,TMON,105.1
2023-12-12,TMON,105.1
2023-12-13,TMON,105.14
2023-12-14,TMON,105.18
2023-12-15,TMON,105.37
2023-12-18,TMON,105.41
2023-12-19,TMON,105.4
2023-12-20,TMON,105.44
2023-12-21,TMON,105.45
2023-12-22,TMON,105.67
2023-12-25,TMON,105.71
2023-12-26,TMON,105.71
2023-12-27,TMON,105.72
2023-12-28,TMON,105.76
2023-12-29,TMON,106.09
2024-01-03,TMON,106.08
2024-01-04,TMON,106.11
2024-01-05,TMON,106.28
2024-01-08,TMON,106.3
2024-01-09,TMON,106.3
2024-01-10,TMON,106.35
2024-01-11,TMON,106.39
2024-01-12,TMON,106.55
2024-01-15,TMON,106.63
2024-01-16,TMON,106.62
2024-01-17,TMON,106.61
2024-01-18,TMON,106.71
2024-01-19,TMON,106.86
2024-01-22,TMON,106.94
2024-01-23,TMON,106.94
2024-01-24,TMON,107.0
2024-01-25,TMON,107.03
2024-01-26,TMON,107.22
2024-01-29,TMON,107.24
2024-01-30,TMON,107.26
2024-01-31,TMON,107.3
2024-02-01,TMON,107.35
2024-02-02,TMON,107.54
2024-02-05,TMON,107.5
2024-02-06,TMON,107.48
2024-02-07,TMON,107.61
2024-02-08,TMON,107.64
2024-02-09,TMON,107.8
2024-02-12,TMON,107.87
2024-02-13,TMON,107.87
2024-02-14,TMON,107.91
2024-02-15,TMON,107.92
2024-02-16,TMON,108.13
2024-02-19,TMON,108.17
2024-02-20,TMON,108.21
2024-02-21,TMON,108.26
2024-02-22,TMON,108.46
2024-02-26,TMON,108.5
2024-02-27,TMON,108.47
2024-02-28,TMON,108.61
2024-02-29,TMON,108.58
2024-03-01,TMON,108.79
2024-03-04,TMON,108.78
2024-03-05,TMON,108.78
2024-03-06,TMON,108.85
2024-03-07,TMON,109.09
2024-03-11,TMON,109.09
2024-03-12,TMON,109.1
2024-03-13,TMON,109.19
2024-03-14,TMON,109.2
2024-03-15,TMON,109.34
2024-03-18,TMON,109.39
2024-03-19,TMON,109.45
2024-03-20,TMON,109.57
2024-03-21,TMON,109.6
2024-03-22,TMON,109.74
2024-03-25,TMON,109.79
2024-03-26,TMON,109.86
2024-03-27,TMON,109.81
2024-03-28,TMON,109.87
2024-03-29,TMON,110.09
2024-04-01,TMON,110.07
2024-04-02,TMON,110.15
2024-04-03,TMON,110.2
2024-04-04,TMON,110.16
2024-04-05,TMON,110.32
2024-04-08,TMON,110.43
2024-04-09,TMON,110.47
2024-04-10,TMON,110.51
2024-04-11,TMON,110.57
2024-04-12,TMON,110.72
2024-04-15,TMON,110.79
2024-04-16,TMON,110.76
2024-04-17,TMON,110.84
2024-04-18,TMON,110.89
2024-04-19,TMON,111.05
2024-04-22,TMON,111.05
2024-04-23,TMON,111.1
2024-04-24,TMON,111.15
2024-04-25,TMON,111.22
2024-04-26,TMON,111.25
2024-04-27,TMON,111.35
2024-04-29,TMON,111.41
2024-04-30,TMON,111.51
2024-05-02,TMON,111.55
2024-05-03,TMON,111.67
2024-05-06,TMON,111.77
2024-05-07,TMON,111.79
2024-05-08,TMON,111.88
2024-05-10,TMON,112.05
2024-05-13,TMON,112.02
2024-05-14,TMON,112.06
2024-05-15,TMON,112.19
2024-05-16,TMON,112.18
2024-05-17,TMON,112.38
2024-05-20,TMON,112.4
2024-05-21,TMON,112.42
2024-05-22,TMON,112.52
2024-05-23,TMON,112.57
2024-05-24,TMON,112.73
2024-05-27,TMON,112.76
2024-05-28,TMON,112.8
2024-05-29,TMON,112.87
2024-05-30,TMON,112.91
2024-05-31,TMON,113.06
2024-06-03,TMON,113.08
2024-06-04,TMON,113.05
2024-06-05,TMON,113.22
2024-06-06,TMON,113.27
2024-06-07,TMON,113.36
2024-06-10,TMON,113.46
2024-06-11,TMON,113.55
2024-06-13,TMON,113.6
2024-06-14,TMON,113.72
2024-06-17,TMON,113.78
2024-06-18,TMON,113.83
2024-06-19,TMON,113.88
2024-06-20,TMON,113.82
2024-06-21,TMON,114.05
2024-06-24,TMON,114.09
2024-06-25,TMON,114.06
2024-06-26,TMON,114.12
2024-06-27,TMON,114.25
2024-06-28,TMON,114.38
2024-07-01,TMON,114.45
2024-07-02,TMON,114.5
2024-07-03,TMON,114.51
2024-07-04,TMON,114.5
2024-07-05,TMON,114.73
2024-07-08,TMON,114.76
2024-07-09,TMON,114.77
2024-07-10,TMON,114.8
2024-07-11,TMON,114.82
2024-07-12,TMON,115.04
2024-07-15,TMON,115.11
2024-07-16,TMON,115.15
2024-07-17,TMON,115.22
2024-07-18,TMON,115.28
2024-07-19,TMON,115.42
2024-07-22,TMON,115.41
2024-07-23,TMON,115.41
2024-07-24,TMON,115.52
2024-07-25,TMON,115.62
2024-07-26,TMON,115.77
2024-07-29,TMON,115.81
2024-07-30,TMON,115.78
2024-07-31,TMON,115.85
2024-08-01,TMON,115.94
2024-08-02,TMON,116.14
2024-08-05,TMON,116.14
2024-08-06,TMON,116.12
2024-08-07,TMON,116.29
2024-08-08,TMON,116.29
2024-08-09,TMON,116.49
2024-08-12,TMON,116.44
2024-08-13,TMON,116.49
2024-08-14,TMON,116.59
2024-08-15,TMON,116.61
2024-08-16,TMON,116.88
2024-08-19,TMON,116.8
2024-08-20,TMON,116.94
2024-08-21,TMON,117.02
2024-08-22,TMON,117.0
2024-08-23,TMON,117.23
2024-08-26,TMON,117.31
2024-08-27,TMON,117.34
2024-08-28,TMON,117.39
2024-08-29,TMON,117.4
2024-08-30,TMON,117.53
2024-09-02,TMON,117.6
2024-09-03,TMON,117.65
2024-09-04,TMON,117.77
2024-09-05,TMON,117.83
2024-09-06,TMON,117.95
2024-09-09,TMON,118.06
2024-09-10,TMON,118.08
2024-09-11,TMON,118.19
2024-09-12,TMON,118.16
2024-09-13,TMON,118.45
2024-09-16,TMON,118.47
2024-09-17,TMON,118.44
2024-09-18,TMON,118.59
2024-09-19,TMON,118.64
2024-09-20,TMON,118.85
2024-09-23,TMON,118.81
2024-09-24,TMON,118.83
2024-09-25,TMON,118.96
2024-09-26,TMON,119.03
2024-09-27,TMON,119.13
2024-09-30,TMON,119.27
2024-10-01,TMON,119.35
2024-10-02,TMON,119.41
2024-10-03,TMON,119.44
2024-10-04,TMON,119.63
2024-10-07,TMON,119.68
2024-10-08,TMON,119.7
2024-10-09,TMON,119.71
2024-10-10,TMON,119.8
2024-10-11,TMON,119.95
2024-10-14,TMON,120.08
2024-10-15,TMON,120.03
2024-10-16,TMON,120.2
2024-10-17,TMON,120.26
2024-10-18,TMON,120.45
2024-10-21,TMON,120.5
2024-10-22,TMON,120.5
2024-10-23,TMON,120.6
2024-10-24,TMON,120.63
2024-10-25,TMON,120.86
2024-10-28,TMON,120.84
2024-10-29,TMON,120.92
2024-10-30,TMON,120.99
2024-10-31,TMON,121.07
2024-11-01,TMON,121.17
2024-11-02,TMON,121.29
2024-11-05,TMON,121.4
2024-11-06,TMON,121.48
2024-11-07,TMON,121.56
2024-11-08,TMON,121.75
2024-11-11,TMON,121.79
2024-11-12,TMON,121.88
2024-11-13,TMON,121.95
2024-11-14,TMON,122.03
2024-11-15,TMON,122.22
2024-11-18,TMON,122.18
2024-11-19,TMON,122.23
2024-11-20,TMON,122.35
2024-11-21,TMON,122.37
2024-11-22,TMON,122.51
2024-11-25,TMON,122.53
2024-11-26,TMON,122.62
2024-11-27,TMON,122.9
2024-11-28,TMON,122.93
2024-11-29,TMON,123.16
2024-12-02,TMON,123.33
2024-12-03,TMON,123.33
2024-12-04,TMON,123.32
2024-12-05,TMON,123.57
2024-12-06,TMON,123.76
2024-12-09,TMON,123.76
2024-12-10,TMON,123.89
2024-12-11,TMON,123.55
2024-12-12,TMON,123.93
2024-12-13,TMON,124.02
2024-12-16,TMON,124.2
2024-12-17,TMON,124.28
2024-12-18,TMON,124.44
2024-12-19,TMON,124.38
2024-12-20,TMON,124.53
2024-12-23,TMON,124.74
2024-12-24,TMON,124.74
2024-12-25,TMON,124.5
2024-12-26,TMON,124.94
2024-12-27,TMON,125.03
2024-12-28,TMON,125.16
2024-12-30,TMON,125.43
2025-01-03,TMON,125.64
2025-01-06,TMON,125.61
2025-01-08,TMON,125.87
2025-01-09,TMON,125.93
2025-01-10,TMON,125.99
2025-01-13,TMON,125.86
2025-01-14,TMON,125.89
2025-01-15,TMON,125.97
2025-01-16,TMON,126.2
2025-01-17,TMON,126.54
2025-01-20,TMON,126.31
2025-01-21,TMON,126.53
2025-01-22,TMON,126.54
2025-01-23,TMON,126.54
2025-01-24,TMON,126.89
2025-01-27,TMON,126.95
2025-01-28,TMON,126.89
2025-01-29,TMON,126.99
2025-01-30,TMON,127.05
2025-01-31,TMON,127.28
2025-02-03,TMON,127.39
2025-02-04,TMON,127.3
2025-02-05,TMON,127.37
2025-02-06,TMON,127.45
2025-02-07,TMON,127.64
2025-02-10,TMON,127.81
2025-02-11,TMON,127.82
2025-02-12,TMON,127.84
2025-02-13,TMON,128.27
2025-02-14,TMON,128.42
2025-02-17,TMON,128.19
2025-02-18,TMON,128.25
2025-02-19,TMON,128.34
2025-02-20,TMON,128.44
2025-02-21,TMON,128.59
2025-02-24,TMON,128.93
2025-02-25,TMON,129.06
2025-02-26,TMON,129.11
2025-02-27,TMON,128.99
2025-02-28,TMON,129.25
2025-03-03,TMON,129.46
2025-03-04,TMON,129.24
2025-03-05,TMON,129.45
2025-03-06,TMON,129.42
2025-03-07,TMON,129.6
2025-03-10,TMON,129.79
2025-03-11,TMON,129.84
2025-03-12,TMON,129.95
2025-03-13,TMON,130.0
2025-03-14,TMON,130.28
2025-03-17,TMON,130.2
2025-03-18,TMON,130.26
2025-03-19,TMON,130.41
2025-03-20,TMON,130.54
2025-03-21,TMON,130.64
2025-03-24,TMON,130.8
2025-03-25,TMON,130.97
2025-03-26,TMON,131.27
2025-03-27,TMON,131.13
2025-03-28,TMON,131.31
2025-03-31,TMON,131.45
2025-04-01,TMON,131.7
2025-04-02,TMON,131.63
2025-04-03,TMON,131.83
2025-04-04,TMON,132.08
2025-04-07,TMON,131.71
2025-04-08,TMON,131.84
2025-04-09,TMON,131.86
2025-04-10,TMON,132.15
2025-04-11,TMON,132.36
2025-04-14,TMON,132.61
2025-04-15,TMON,132.66
2025-04-16,TMON,132.47
2025-04-17,TMON,132.61
2025-04-18,TMON,133.08
2025-04-21,TMON,132.8
2025-04-22,TMON,133.03
2025-04-23,TMON,133.2
2025-04-24,TMON,133.29
2025-04-25,TMON,133.3
2025-04-28,TMON,133.37
2025-04-29,TMON,133.69
2025-04-30,TMON,133.87
2025-05-02,TMON,134.05
2025-05-05,TMON,133.97
2025-05-06,TMON,134.23
2025-05-07,TMON,134.24
2025-05-08,TMON,134.49
2025-05-12,TMON,134.33
2025-05-13,TMON,134.53
2025-05-14,TMON,134.68
2025-05-15,TMON,134.53
2025-05-16,TMON,134.77
2025-05-19,TMON,135.16
2025-05-20,TMON,135.22
2025-05-21,TMON,135.2
2025-05-22,TMON,135.13
2025-05-23,TMON,135.55
2025-05-26,TMON,135.32
2025-05-27,TMON,135.29
2025-05-28,TMON,135.37
2025-05-29,TMON,135.64
2025-05-30,TMON,135.89
2025-06-02,TMON,135.9
2025-06-03,TMON,136.03
2025-06-04,TMON,136.0
2025-06-05,TMON,136.34
2025-06-06,TMON,136.32
2025-06-09,TMON,136.52
2025-06-10,TMON,136.64
2025-06-11,TMON,136.9
2025-06-13,TMON,137.04
2025-06-16,TMON,137.31
2025-06-17,TMON,137.39
2025-06-18,TMON,137.24
2025-06-19,TMON,137.48
2025-06-20,TMON,137.75
2025-06-23,TMON,137.89
2025-06-24,TMON,137.95
2025-06-25,TMON,137.94
2025-06-26,TMON,138.11
2025-06-27,TMON,138.12
2025-06-30,TMON,138.34
2025-07-01,TMON,138.34
2025-07-02,TMON,138.14
2025-07-03,TMON,138.15
2025-07-04,TMON,138.5
2025-07-07,TMON,138.84
2025-07-08,TMON,138.65
2025-07-09,TMON,138.8
2025-07-10,TMON,139.08
2025-07-11,TMON,139.3
2025-07-14,TMON,139.38
2025-07-15,TMON,139.45
2025-07-16,TMON,139.46
2025-07-17,TMON,139.58
2025-07-18,TMON,139.8
2025-07-21,TMON,139.55
2025-07-22,TMON,139.88
2025-07-23,TMON,140.0
2025-07-24,TMON,140.05
2025-07-25,TMON,140.23
2025-07-28,TMON,140.18
2025-07-29,TMON,140.23
2025-07-30,TMON,140.09
2025-07-31,TMON,140.22
2025-08-01,TMON,140.61
2025-08-04,TMON,140.37
2025-08-05,TMON,140.4
2025-08-06,TMON,140.67
2025-08-07,TMON,140.78
2025-08-08,TMON,141.14
2025-08-11,TMON,141.2
2025-08-12,TMON,141.29
2025-08-13,TMON,140.95
2025-08-14,TMON,141.24
2025-08-15,TMON,141.11
2025-08-18,TMON,141.2
2025-08-19,TMON,141.03
2025-08-20,TMON,141.35
2025-08-21,TMON,141.48
2025-08-22,TMON,141.65
2025-08-25,TMON,141.77
2025-08-26,TMON,141.77
2025-08-27,TMON,141.93
2025-08-28,TMON,141.96
2025-08-29,TMON,141.8
2025-09-01,TMON,142.06
2025-09-02,TMON,142.03
2025-09-03,TMON,142.22
2025-09-04,TMON,142.16
2025-09-05,TMON,142.34
2025-09-08,TMON,142.5
2025-09-09,TMON,142.43
2025-09-10,TMON,142.49
2025-09-11,TMON,142.53
2025-09-12,TMON,142.88
2025-09-15,TMON,142.96
2025-09-16,TMON,143.0
2025-09-17,TMON,142.92
2025-09-18,TMON,143.11
2025-09-19,TMON,143.43
2025-09-22,TMON,143.28
2025-09-23,TMON,143.45
2025-09-24,TMON,143.76
2025-09-25,TMON,143.47
2025-09-26,TMON,143.99
2025-09-29,TMON,143.69
2025-09-30,TMON,144.15
2025-10-01,TMON,144.11
2025-10-02,TMON,144.1
2025-10-03,TMON,144.39
2025-10-06,TMON,144.24
2025-10-07,TMON,144.56
2025-10-08,TMON,144.64
2025-10-09,TMON,144.53
2025-10-10,TMON,144.88
2025-10-13,TMON,144.72
2025-10-14,TMON,144.67
2025-10-15,TMON,144.84
2025-10-16,TMON,144.71
2025-10-17,TMON,144.99
2025-10-20,TMON,145.16
2025-10-21,TMON,145.2
2025-10-22,TMON,145.26
2025-10-23,TMON,145.29
2025-10-24,TMON,145.41
2025-10-27,TMON,145.71
2025-10-28,TMON,145.48
2025-10-29,TMON,145.62
2025-10-30,TMON,145.74
2025-10-31,TMON,145.73
2025-11-01,TMON,145.95
2025-11-03,TMON,145.86
2025-11-05,TMON,146.07
2025-11-06,TMON,146.16
2025-11-07,TMON,146.35
2025-11-10,TMON,146.41
2025-11-11,TMON,146.48
2025-11-12,TMON,146.54
2025-11-13,TMON,146.58
2025-11-14,TMON,146.78
2025-11-17,TMON,146.82
2025-11-18,TMON,146.85
2025-11-19,TMON,146.97
2025-11-20,TMON,147.03
2025-11-21,TMON,147.21
2025-11-24,TMON,147.21
2025-11-25,TMON,147.33
2025-11-26,TMON,147.38
2025-11-27,TMON,147.38
2025-11-28,TMON,147.7
2025-12-01,TMON,147.69
2025-12-02,TMON,147.73
2025-12-03,TMON,147.79
2025-12-04,TMON,147.79
2025-12-05,TMON,148.0
2025-12-08,TMON,148.1
2025-12-09,TMON,148.13
2025-12-10,TMON,148.23
2025-12-11,TMON,148.29
2025-12-12,TMON,148.37
2025-12-15,TMON,148.53
2025-12-16,TMON,148.52
2025-12-17,TMON,148.65
2025-12-18,TMON,148.71
2025-12-19,TMON,148.8
2025-12-22,TMON,148.92
2025-12-23,TMON,149.01
2025-12-24,TMON,149.07
2025-12-25,TMON,149.12
2025-12-26,TMON,149.33
2025-12-29,TMON,149.35
2025-12-30,TMON,149.74
2026-01-05,TMON,149.79
2026-01-06,TMON,149.92
2026-01-08,TMON,150.11
2026-01-09,TMON,150.2
2026-01-12,TMON,150.13
2026-01-13,TMON,150.2
2026-01-14,TMON,150.34
2026-01-15,TMON,150.41
2026-01-16,TMON,150.59
2026-01-19,TMON,150.64
2026-01-20,TMON,150.71
2026-01-21,TMON,150.74
2026-01-22,TMON,150.81
2026-01-23,TMON,151.01
2026-01-26,TMON,151.06
2026-01-27,TMON,151.12
2026-01-28,TMON,151.19
2026-01-29,TMON,151.25
2026-01-30,TMON,151.43
2026-02-02,TMON,151.47
2026-02-03,TMON,151.56
2026-02-04,TMON,151.61
2026-02-05,TMON,151.63
2026-02-06,TMON,151.83
2026-02-09,TMON,151.89
2026-02-10,TMON,151.9
2026-02-11,TMON,152.03
2026-02-12,TMON,152.02
2026-02-13,TMON,152.21
2026-02-16,TMON,152.33
2026-02-17,TMON,152.35
2026-02-18,TMON,152.44
2026-02-19,TMON,152.44
2026-02-20,TMON,152.72
2026-02-24,TMON,152.84
2026-02-25,TMON,152.84
2026-02-26,TMON,152.9
2026-02-27,TMON,153.08
2026-03-02,TMON,153.15
2026-03-03,TMON,153.19
2026-03-04,TMON,153.25
2026-03-05,TMON,153.33
2026-03-06,TMON,153.51
2026-03-09,TMON,153.57
2026-03-10,TMON,153.57
2026-03-11,TMON,153.69
2026-03-12,TMON,153.73
2026-03-13,TMON,153.87
2026-03-16,TMON,153.95
2026-03-17,TMON,153.97
2026-03-18,TMON,154.0
2026-03-19,TMON,154.06
2026-03-20,TMON,154.26
2026-03-23,TMON,154.29
2026-03-24,TMON,154.38
2026-03-25,TMON,154.47
2026-03-26,TMON,154.54
2026-03-27,TMON,154.71
2026-03-30,TMON,154.76
2026-03-31,TMON,154.82
2026-04-01,TMON,154.87
2026-04-02,TMON,154.93
2026-04-03,TMON,155.11
2026-04-06,TMON,155.12
2026-04-07,TMON,155.23
2026-04-08,TMON,155.23
2026-04-09,TMON,155.3
2026-04-10,TMON,155.43
2026-04-13,TMON,155.56
2026-04-14,TMON,155.62
2026-04-15,TMON,155.67
2026-04-16,TMON,155.71
2026-04-17,TMON,155.86
2026-04-20,TMON,155.89
2026-04-21,TMON,156.01
2026-04-22,TMON,156.0
2026-04-23,TMON,156.1
2026-04-24,TMON,156.29
2026-04-27,TMON,156.34
2026-04-28,TMON,156.35
2026-04-29,TMON,156.43
2026-04-30,TMON,156.65
2026-05-04,TMON,156.75
2026-05-05,TMON,156.73
2026-05-06,TMON,156.81
2026-05-07,TMON,156.9
2026-05-08,TMON,157.05
2026-05-11,TMON,157.11
2026-05-12,TMON,157.14
2026-05-13,TMON,157.2
2026-05-14,TMON,157.27
2026-05-15,TMON,157.41
2026-05-18,TMON,157.46
2026-05-19,TMON,157.56
2026-05-20,TMON,157.6
2026-05-21,TMON,157.64
2026-05-22,TMON,157.84
2026-05-25,TMON,157.86
2026-05-26,TMON,157.88
2026-05-27,TMON,157.94
2026-05-28,TMON,158.06
2026-05-29,TMON,158.22
2026-06-01,TMON,158.23
2026-06-02,TMON,158.32
2026-06-03,TMON,158.36
2026-06-04,TMON,158.46
2026-06-05,TMON,158.63
2026-06-08,TMON,158.68
2026-06-09,TMON,158.72
2026-06-10,TMON,158.76
2026-06-11,TMON,158.96
2026-06-15,TMON,159.08
2026-06-16,TMON,159.05
2026-06-17,TMON,159.15
2026-06-18,TMON,159.22
2026-06-19,TMON,159.37
