date,value,board
2022-06-01,10.77,MMIX
2022-06-02,10.7,MMIX
2022-06-03,10.55,MMIX
2022-06-06,10.4,MMIX
2022-06-07,10.33,MMIX
2022-06-08,10.69,MMIX
2022-06-09,11.37,MMIX
2022-06-10,10.92,MMIX
2022-06-14,9.65,MMIX
2022-06-15,9.74,MMIX
2022-06-16,9.34,MMIX
2022-06-17,9.02,MMIX
2022-06-20,8.98,MMIX
2022-06-21,8.85,MMIX
2022-06-22,8.87,MMIX
2022-06-23,8.91,MMIX
2022-06-24,8.91,MMIX
2022-06-27,8.89,MMIX
2022-06-28,8.97,MMIX
2022-06-29,9.02,MMIX
2022-06-30,9.02,MMIX
2022-07-01,8.99,MMIX
2022-07-04,8.87,MMIX
2022-07-05,8.86,MMIX
2022-07-06,9.0,MMIX
2022-07-07,9.03,MMIX
2022-07-08,9.09,MMIX
2022-07-11,9.24,MMIX
2022-07-12,9.49,MMIX
2022-07-13,9.32,MMIX
2022-07-14,9.3,MMIX
2022-07-15,9.33,MMIX
2022-07-18,9.37,MMIX
2022-07-19,9.46,MMIX
2022-07-20,9.5,MMIX
2022-07-21,9.47,MMIX
2022-07-22,9.31,MMIX
2022-07-25,8.09,MMIX
2022-07-26,8.29,MMIX
2022-07-27,8.24,MMIX
2022-07-28,8.1,MMIX
2022-07-29,8.15,MMIX
2022-08-01,8.02,MMIX
2022-08-02,8.0,MMIX
2022-08-03,7.82,MMIX
2022-08-04,7.8,MMIX
2022-08-05,7.75,MMIX
2022-08-08,7.75,MMIX
2022-08-09,7.91,MMIX
2022-08-10,7.89,MMIX
2022-08-11,7.9,MMIX
2022-08-12,7.9,MMIX
2022-08-15,7.9,MMIX
2022-08-16,7.91,MMIX
2022-08-17,7.91,MMIX
2022-08-18,7.91,MMIX
2022-08-19,7.92,MMIX
2022-08-22,7.91,MMIX
2022-08-23,7.91,MMIX
2022-08-24,7.92,MMIX
2022-08-25,7.98,MMIX
2022-08-26,8.12,MMIX
2022-08-29,8.12,MMIX
2022-08-30,8.08,MMIX
2022-08-31,7.93,MMIX
2022-09-01,7.87,MMIX
2022-09-02,7.87,MMIX
2022-09-05,7.88,MMIX
2022-09-06,7.9,MMIX
2022-09-07,7.77,MMIX
2022-09-08,7.77,MMIX
2022-09-09,7.79,MMIX
2022-09-12,7.61,MMIX
2022-09-13,7.73,MMIX
2022-09-14,7.78,MMIX
2022-09-15,7.71,MMIX
2022-09-16,7.56,MMIX
2022-09-19,7.35,MMIX
2022-09-20,7.48,MMIX
2022-09-21,7.52,MMIX
2022-09-22,7.45,MMIX
2022-09-23,7.43,MMIX
2022-09-26,7.48,MMIX
2022-09-27,7.7,MMIX
2022-09-28,7.74,MMIX
2022-09-29,7.79,MMIX
2022-09-30,7.87,MMIX
2022-10-03,8.08,MMIX
2022-10-04,7.95,MMIX
2022-10-05,7.94,MMIX
2022-10-06,7.84,MMIX
2022-10-07,7.78,MMIX
2022-10-10,7.65,MMIX
2022-10-11,7.52,MMIX
2022-10-12,7.53,MMIX
2022-10-13,7.45,MMIX
2022-10-14,7.42,MMIX
2022-10-17,7.5,MMIX
2022-10-18,7.55,MMIX
2022-10-19,7.49,MMIX
2022-10-20,7.46,MMIX
2022-10-21,7.39,MMIX
2022-10-24,7.41,MMIX
2022-10-25,7.46,MMIX
2022-10-26,7.5,MMIX
2022-10-27,7.51,MMIX
2022-10-28,7.5,MMIX
2022-10-31,7.5,MMIX
2022-11-01,7.54,MMIX
2022-11-02,7.57,MMIX
2022-11-03,7.63,MMIX
2022-11-07,7.61,MMIX
2022-11-08,7.56,MMIX
2022-11-09,7.54,MMIX
2022-11-10,7.43,MMIX
2022-11-11,7.39,MMIX
2022-11-14,7.05,MMIX
2022-11-15,7.2,MMIX
2022-11-16,7.37,MMIX
2022-11-17,7.43,MMIX
2022-11-18,7.46,MMIX
2022-11-21,7.42,MMIX
2022-11-22,7.33,MMIX
2022-11-23,7.07,MMIX
2022-11-24,6.83,MMIX
2022-11-25,6.84,MMIX
2022-11-28,6.95,MMIX
2022-11-29,7.06,MMIX
2022-11-30,7.21,MMIX
2022-12-01,7.05,MMIX
2022-12-02,7.37,MMIX
2022-12-05,7.24,MMIX
2022-12-06,7.27,MMIX
2022-12-07,7.33,MMIX
2022-12-08,7.29,MMIX
2022-12-09,7.32,MMIX
2022-12-12,7.3,MMIX
2022-12-13,7.34,MMIX
2022-12-14,7.3,MMIX
2022-12-15,7.32,MMIX
2022-12-16,7.33,MMIX
2022-12-19,7.33,MMIX
2022-12-20,7.36,MMIX
2022-12-21,7.35,MMIX
2022-12-22,7.33,MMIX
2022-12-23,7.25,MMIX
2022-12-26,7.17,MMIX
2022-12-27,7.16,MMIX
2022-12-28,7.17,MMIX
2022-12-29,7.2,MMIX
2023-01-09,7.04,MMIX
2023-01-10,7.1,MMIX
2023-01-11,7.1,MMIX
2023-01-12,6.85,MMIX
2023-01-13,6.71,MMIX
2023-01-16,6.81,MMIX
2023-01-17,7.13,MMIX
2023-01-18,7.04,MMIX
2023-01-19,7.0,MMIX
2023-01-20,6.9,MMIX
2023-01-23,6.9,MMIX
2023-01-24,6.84,MMIX
2023-01-25,6.91,MMIX
2023-01-26,6.87,MMIX
2023-01-27,6.85,MMIX
2023-01-30,6.86,MMIX
2023-01-31,7.05,MMIX
2023-02-01,7.01,MMIX
2023-02-02,7.0,MMIX
2023-02-03,6.94,MMIX
2023-02-06,6.9,MMIX
2023-02-07,6.81,MMIX
2023-02-08,6.91,MMIX
2023-02-09,6.81,MMIX
2023-02-10,6.8,MMIX
2023-02-13,6.73,MMIX
2023-02-14,6.93,MMIX
2023-02-15,7.05,MMIX
2023-02-16,7.13,MMIX
2023-02-17,7.24,MMIX
2023-02-20,7.33,MMIX
2023-02-21,7.46,MMIX
2023-02-22,7.45,MMIX
2023-02-27,7.44,MMIX
2023-02-28,7.67,MMIX
2023-03-01,7.65,MMIX
2023-03-02,7.53,MMIX
2023-03-03,7.67,MMIX
2023-03-06,7.67,MMIX
2023-03-07,7.72,MMIX
2023-03-09,7.49,MMIX
2023-03-10,7.22,MMIX
2023-03-13,7.0,MMIX
2023-03-14,7.11,MMIX
2023-03-15,7.19,MMIX
2023-03-16,7.19,MMIX
2023-03-17,7.23,MMIX
2023-03-20,7.19,MMIX
2023-03-21,7.25,MMIX
2023-03-22,7.2,MMIX
2023-03-23,7.02,MMIX
2023-03-24,7.04,MMIX
2023-03-27,7.13,MMIX
2023-03-28,7.2,MMIX
2023-03-29,7.55,MMIX
2023-03-30,7.17,MMIX
2023-03-31,7.36,MMIX
2023-04-03,7.13,MMIX
2023-04-04,7.03,MMIX
2023-04-05,6.93,MMIX
2023-04-06,6.91,MMIX
2023-04-07,7.02,MMIX
2023-04-10,7.01,MMIX
2023-04-11,7.12,MMIX
2023-04-12,7.14,MMIX
2023-04-13,7.18,MMIX
2023-04-14,7.33,MMIX
2023-04-17,7.38,MMIX
2023-04-18,7.49,MMIX
2023-04-19,7.42,MMIX
2023-04-20,7.26,MMIX
2023-04-21,7.11,MMIX
2023-04-24,7.07,MMIX
2023-04-25,7.05,MMIX
2023-04-26,6.89,MMIX
2023-04-27,6.76,MMIX
2023-04-28,7.25,MMIX
2023-05-02,7.4,MMIX
2023-05-03,7.12,MMIX
2023-05-04,7.11,MMIX
2023-05-05,6.92,MMIX
2023-05-10,7.24,MMIX
2023-05-11,7.13,MMIX
2023-05-12,7.04,MMIX
2023-05-15,7.19,MMIX
2023-05-16,7.41,MMIX
2023-05-17,7.15,MMIX
2023-05-18,7.24,MMIX
2023-05-19,7.25,MMIX
2023-05-22,7.26,MMIX
2023-05-23,7.25,MMIX
2023-05-24,7.25,MMIX
2023-05-25,7.2,MMIX
2023-05-26,7.17,MMIX
2023-05-29,7.27,MMIX
2023-05-30,7.21,MMIX
2023-05-31,7.21,MMIX
2023-06-01,7.22,MMIX
2023-06-02,7.25,MMIX
2023-06-05,7.25,MMIX
2023-06-06,7.27,MMIX
2023-06-07,7.28,MMIX
2023-06-08,7.24,MMIX
2023-06-09,7.21,MMIX
2023-06-13,7.37,MMIX
2023-06-14,7.33,MMIX
2023-06-15,7.26,MMIX
2023-06-16,7.25,MMIX
2023-06-19,7.18,MMIX
2023-06-20,7.1,MMIX
2023-06-21,7.1,MMIX
2023-06-22,7.11,MMIX
2023-06-23,7.1,MMIX
2023-06-26,7.14,MMIX
2023-06-27,7.11,MMIX
2023-06-28,7.23,MMIX
2023-06-29,7.34,MMIX
2023-06-30,7.44,MMIX
2023-07-03,7.39,MMIX
2023-07-04,7.15,MMIX
2023-07-05,7.17,MMIX
2023-07-06,7.18,MMIX
2023-07-07,7.17,MMIX
2023-07-10,7.19,MMIX
2023-07-11,7.52,MMIX
2023-07-12,7.48,MMIX
2023-07-13,7.47,MMIX
2023-07-14,7.6,MMIX
2023-07-17,7.97,MMIX
2023-07-18,7.89,MMIX
2023-07-19,7.87,MMIX
2023-07-20,7.89,MMIX
2023-07-21,8.03,MMIX
2023-07-24,8.2,MMIX
2023-07-25,8.19,MMIX
2023-07-26,8.19,MMIX
2023-07-27,8.19,MMIX
2023-07-28,8.2,MMIX
2023-07-31,8.25,MMIX
2023-08-01,8.16,MMIX
2023-08-02,8.08,MMIX
2023-08-03,7.93,MMIX
2023-08-04,7.88,MMIX
2023-08-07,7.9,MMIX
2023-08-08,8.25,MMIX
2023-08-09,8.31,MMIX
2023-08-10,8.27,MMIX
2023-08-11,8.45,MMIX
2023-08-14,8.58,MMIX
2023-08-15,11.44,MMIX
2023-08-16,11.79,MMIX
2023-08-17,11.82,MMIX
2023-08-18,11.9,MMIX
2023-08-21,11.89,MMIX
2023-08-22,11.86,MMIX
2023-08-23,11.86,MMIX
2023-08-24,11.86,MMIX
2023-08-25,11.89,MMIX
2023-08-28,11.86,MMIX
2023-08-29,11.88,MMIX
2023-08-30,11.88,MMIX
2023-08-31,11.82,MMIX
2023-09-01,11.85,MMIX
2023-09-04,11.86,MMIX
2023-09-05,11.83,MMIX
2023-09-06,11.77,MMIX
2023-09-07,11.65,MMIX
2023-09-08,11.57,MMIX
2023-09-11,11.57,MMIX
2023-09-12,11.99,MMIX
2023-09-13,12.01,MMIX
2023-09-14,12.34,MMIX
2023-09-15,12.35,MMIX
2023-09-18,12.59,MMIX
2023-09-19,12.4,MMIX
2023-09-20,12.47,MMIX
2023-09-21,12.45,MMIX
2023-09-22,12.33,MMIX
2023-09-25,12.42,MMIX
2023-09-26,12.45,MMIX
2023-09-27,12.48,MMIX
2023-09-28,12.55,MMIX
2023-09-29,12.56,MMIX
2023-10-02,12.46,MMIX
2023-10-03,12.43,MMIX
2023-10-04,12.41,MMIX
2023-10-05,12.48,MMIX
2023-10-06,12.55,MMIX
2023-10-09,12.86,MMIX
2023-10-10,13.0,MMIX
2023-10-11,12.87,MMIX
2023-10-12,12.97,MMIX
2023-10-13,13.19,MMIX
2023-10-16,13.15,MMIX
2023-10-17,13.15,MMIX
2023-10-18,13.15,MMIX
2023-10-19,13.11,MMIX
2023-10-20,13.13,MMIX
2023-10-23,13.1,MMIX
2023-10-24,13.03,MMIX
2023-10-25,12.89,MMIX
2023-10-26,12.64,MMIX
2023-10-27,12.62,MMIX
2023-10-30,14.2,MMIX
2023-10-31,14.5,MMIX
2023-11-01,14.38,MMIX
2023-11-02,14.3,MMIX
2023-11-03,14.13,MMIX
2023-11-07,14.19,MMIX
2023-11-08,14.3,MMIX
2023-11-09,14.58,MMIX
2023-11-10,14.56,MMIX
2023-11-13,14.7,MMIX
2023-11-14,15.03,MMIX
2023-11-15,14.73,MMIX
2023-11-16,14.99,MMIX
2023-11-17,15.02,MMIX
2023-11-20,15.06,MMIX
2023-11-21,15.17,MMIX
2023-11-22,15.14,MMIX
2023-11-23,15.11,MMIX
2023-11-24,15.14,MMIX
2023-11-27,15.2,MMIX
2023-11-28,15.24,MMIX
2023-11-29,15.09,MMIX
2023-11-30,15.02,MMIX
2023-12-01,14.82,MMIX
2023-12-04,14.75,MMIX
2023-12-05,14.55,MMIX
2023-12-06,14.56,MMIX
2023-12-07,14.49,MMIX
2023-12-08,14.51,MMIX
2023-12-11,14.86,MMIX
2023-12-12,15.05,MMIX
2023-12-13,15.36,MMIX
2023-12-14,15.7,MMIX
2023-12-15,15.88,MMIX
2023-12-18,15.7,MMIX
2023-12-19,15.49,MMIX
2023-12-20,15.51,MMIX
2023-12-21,15.39,MMIX
2023-12-22,15.39,MMIX
2023-12-25,15.37,MMIX
2023-12-26,15.36,MMIX
2023-12-27,15.31,MMIX
2023-12-28,15.31,MMIX
2024-01-09,15.84,MMIX
2024-01-10,15.38,MMIX
2024-01-11,15.14,MMIX
2024-01-12,15.09,MMIX
2024-01-15,15.67,MMIX
2024-01-16,15.59,MMIX
2024-01-17,15.57,MMIX
2024-01-18,15.56,MMIX
2024-01-19,15.69,MMIX
2024-01-22,15.78,MMIX
2024-01-23,15.82,MMIX
2024-01-24,15.87,MMIX
2024-01-25,15.9,MMIX
2024-01-26,15.7,MMIX
2024-01-29,15.66,MMIX
2024-01-30,15.8,MMIX
2024-01-31,15.81,MMIX
2024-02-01,15.79,MMIX
2024-02-02,15.81,MMIX
2024-02-05,15.85,MMIX
2024-02-06,15.97,MMIX
2024-02-07,16.0,MMIX
2024-02-08,15.89,MMIX
2024-02-09,15.84,MMIX
2024-02-12,16.04,MMIX
2024-02-13,16.05,MMIX
2024-02-14,15.82,MMIX
2024-02-15,15.49,MMIX
2024-02-16,15.4,MMIX
2024-02-19,15.36,MMIX
2024-02-20,15.45,MMIX
2024-02-21,15.46,MMIX
2024-02-22,15.57,MMIX
2024-02-26,15.61,MMIX
2024-02-27,15.72,MMIX
2024-02-28,15.75,MMIX
2024-02-29,15.95,MMIX
2024-03-01,15.65,MMIX
2024-03-04,15.25,MMIX
2024-03-05,15.26,MMIX
2024-03-06,15.38,MMIX
2024-03-07,15.5,MMIX
2024-03-11,15.78,MMIX
2024-03-12,16.03,MMIX
2024-03-13,15.72,MMIX
2024-03-14,15.78,MMIX
2024-03-15,15.79,MMIX
2024-03-18,15.76,MMIX
2024-03-19,15.72,MMIX
2024-03-20,15.55,MMIX
2024-03-21,15.42,MMIX
2024-03-22,15.39,MMIX
2024-03-25,15.3,MMIX
2024-03-26,15.66,MMIX
2024-03-27,15.46,MMIX
2024-03-28,15.4,MMIX
2024-03-29,15.93,MMIX
2024-04-01,15.43,MMIX
2024-04-02,15.41,MMIX
2024-04-03,15.47,MMIX
2024-04-04,15.42,MMIX
2024-04-05,15.38,MMIX
2024-04-08,15.63,MMIX
2024-04-09,15.59,MMIX
2024-04-10,15.52,MMIX
2024-04-11,15.65,MMIX
2024-04-12,15.69,MMIX
2024-04-15,15.68,MMIX
2024-04-16,15.75,MMIX
2024-04-17,15.66,MMIX
2024-04-18,15.69,MMIX
2024-04-19,15.71,MMIX
2024-04-22,15.62,MMIX
2024-04-23,15.57,MMIX
2024-04-24,15.56,MMIX
2024-04-25,15.53,MMIX
2024-04-26,15.58,MMIX
2024-05-02,15.92,MMIX
2024-05-03,16.18,MMIX
2024-05-06,16.24,MMIX
2024-05-07,16.12,MMIX
2024-05-08,16.16,MMIX
2024-05-13,16.21,MMIX
2024-05-14,16.26,MMIX
2024-05-15,16.04,MMIX
2024-05-16,15.86,MMIX
2024-05-17,15.8,MMIX
2024-05-20,15.82,MMIX
2024-05-21,15.89,MMIX
2024-05-22,15.9,MMIX
2024-05-23,15.91,MMIX
2024-05-24,15.88,MMIX
2024-05-27,15.81,MMIX
2024-05-28,15.78,MMIX
2024-05-29,15.88,MMIX
2024-05-30,16.0,MMIX
2024-05-31,16.21,MMIX
2024-06-03,16.01,MMIX
2024-06-04,15.89,MMIX
2024-06-05,16.04,MMIX
2024-06-06,16.24,MMIX
2024-06-07,16.3,MMIX
2024-06-10,15.53,MMIX
2024-06-11,15.36,MMIX
2024-06-13,15.8,MMIX
2024-06-14,15.46,MMIX
2024-06-17,15.43,MMIX
2024-06-18,15.31,MMIX
2024-06-19,15.28,MMIX
2024-06-20,15.24,MMIX
2024-06-21,15.18,MMIX
2024-06-24,15.18,MMIX
2024-06-25,15.39,MMIX
2024-06-26,15.38,MMIX
2024-06-27,15.57,MMIX
2024-06-28,15.93,MMIX
2024-07-01,15.82,MMIX
2024-07-02,16.42,MMIX
2024-07-03,16.27,MMIX
2024-07-04,15.58,MMIX
2024-07-05,15.84,MMIX
2024-07-08,15.76,MMIX
2024-07-09,15.93,MMIX
2024-07-10,16.32,MMIX
2024-07-11,16.58,MMIX
2024-07-12,16.39,MMIX
2024-07-15,16.29,MMIX
2024-07-16,16.21,MMIX
2024-07-17,16.2,MMIX
2024-07-18,16.11,MMIX
2024-07-19,15.93,MMIX
2024-07-22,15.4,MMIX
2024-07-23,15.43,MMIX
2024-07-24,15.25,MMIX
2024-07-25,15.22,MMIX
2024-07-26,15.53,MMIX
2024-07-29,17.06,MMIX
2024-07-30,17.01,MMIX
2024-07-31,17.34,MMIX
2024-08-01,17.13,MMIX
2024-08-02,17.03,MMIX
2024-08-05,17.09,MMIX
2024-08-06,17.04,MMIX
2024-08-07,17.23,MMIX
2024-08-08,17.19,MMIX
2024-08-09,17.22,MMIX
2024-08-12,17.55,MMIX
2024-08-13,18.14,MMIX
2024-08-14,17.88,MMIX
2024-08-15,17.6,MMIX
2024-08-16,17.54,MMIX
2024-08-19,17.47,MMIX
2024-08-20,17.51,MMIX
2024-08-21,17.58,MMIX
2024-08-22,17.63,MMIX
2024-08-23,18.06,MMIX
2024-08-26,18.01,MMIX
2024-08-27,18.42,MMIX
2024-08-28,17.83,MMIX
2024-08-29,18.14,MMIX
2024-08-30,18.87,MMIX
2024-09-02,18.65,MMIX
2024-09-03,18.24,MMIX
2024-09-04,18.34,MMIX
2024-09-05,18.37,MMIX
2024-09-06,18.49,MMIX
2024-09-09,18.16,MMIX
2024-09-10,17.78,MMIX
2024-09-11,18.2,MMIX
2024-09-12,18.36,MMIX
2024-09-13,18.45,MMIX
2024-09-16,18.8,MMIX
2024-09-17,18.61,MMIX
2024-09-18,18.51,MMIX
2024-09-19,18.51,MMIX
2024-09-20,18.36,MMIX
2024-09-23,18.39,MMIX
2024-09-24,18.27,MMIX
2024-09-25,18.3,MMIX
2024-09-26,18.3,MMIX
2024-09-27,18.28,MMIX
2024-09-30,18.34,MMIX
2024-10-01,18.3,MMIX
2024-10-02,18.31,MMIX
2024-10-03,18.27,MMIX
2024-10-04,18.24,MMIX
2024-10-07,18.23,MMIX
2024-10-08,18.37,MMIX
2024-10-09,18.71,MMIX
2024-10-10,18.68,MMIX
2024-10-11,18.67,MMIX
2024-10-14,18.54,MMIX
2024-10-15,18.48,MMIX
2024-10-16,18.65,MMIX
2024-10-17,18.88,MMIX
2024-10-18,18.82,MMIX
2024-10-21,18.78,MMIX
2024-10-22,18.64,MMIX
2024-10-23,18.66,MMIX
2024-10-24,18.49,MMIX
2024-10-25,18.49,MMIX
2024-10-28,20.12,MMIX
2024-10-29,20.18,MMIX
2024-10-30,20.46,MMIX
2024-10-31,20.4,MMIX
2024-11-01,20.32,MMIX
2024-11-05,20.3,MMIX
2024-11-06,20.26,MMIX
2024-11-07,20.23,MMIX
2024-11-08,20.38,MMIX
2024-11-11,20.66,MMIX
2024-11-12,21.53,MMIX
2024-11-13,20.54,MMIX
2024-11-14,20.64,MMIX
2024-11-15,20.59,MMIX
2024-11-18,20.63,MMIX
2024-11-19,20.62,MMIX
2024-11-20,20.62,MMIX
2024-11-21,20.55,MMIX
2024-11-22,20.43,MMIX
2024-11-25,20.32,MMIX
2024-11-26,20.33,MMIX
2024-11-27,20.56,MMIX
2024-11-28,20.87,MMIX
2024-11-29,20.68,MMIX
2024-12-02,20.87,MMIX
2024-12-03,21.1,MMIX
2024-12-04,20.91,MMIX
2024-12-05,20.7,MMIX
2024-12-06,20.63,MMIX
2024-12-09,20.31,MMIX
2024-12-10,20.35,MMIX
2024-12-11,21.21,MMIX
2024-12-12,21.62,MMIX
2024-12-13,21.91,MMIX
2024-12-16,21.82,MMIX
2024-12-17,21.75,MMIX
2024-12-18,21.7,MMIX
2024-12-19,21.61,MMIX
2024-12-20,21.71,MMIX
2024-12-23,20.35,MMIX
2024-12-24,20.36,MMIX
2024-12-25,20.4,MMIX
2024-12-26,20.36,MMIX
2024-12-27,20.35,MMIX
2025-01-09,20.59,MMIX
2025-01-10,20.53,MMIX
2025-01-13,20.26,MMIX
2025-01-14,20.37,MMIX
2025-01-15,20.62,MMIX
2025-01-16,20.84,MMIX
2025-01-17,20.97,MMIX
2025-01-20,21.02,MMIX
2025-01-21,21.02,MMIX
2025-01-22,20.96,MMIX
2025-01-23,20.62,MMIX
2025-01-24,20.51,MMIX
2025-01-27,20.47,MMIX
2025-01-28,20.49,MMIX
2025-01-29,20.54,MMIX
2025-01-30,20.46,MMIX
2025-01-31,20.43,MMIX
2025-02-03,20.42,MMIX
2025-02-04,20.25,MMIX
2025-02-05,20.22,MMIX
2025-02-06,20.33,MMIX
2025-02-07,20.25,MMIX
2025-02-10,20.41,MMIX
2025-02-11,21.17,MMIX
2025-02-12,20.74,MMIX
2025-02-13,20.82,MMIX
2025-02-14,20.85,MMIX
2025-02-17,20.85,MMIX
2025-02-18,20.92,MMIX
2025-02-19,20.94,MMIX
2025-02-20,21.08,MMIX
2025-02-21,21.23,MMIX
2025-02-24,21.25,MMIX
2025-02-25,21.09,MMIX
2025-02-26,21.1,MMIX
2025-02-27,21.1,MMIX
2025-02-28,21.11,MMIX
2025-03-03,21.4,MMIX
2025-03-04,21.5,MMIX
2025-03-05,21.53,MMIX
2025-03-06,21.39,MMIX
2025-03-07,21.46,MMIX
2025-03-10,21.43,MMIX
2025-03-11,21.07,MMIX
2025-03-12,21.15,MMIX
2025-03-13,21.36,MMIX
2025-03-14,21.48,MMIX
2025-03-17,21.5,MMIX
2025-03-18,21.5,MMIX
2025-03-19,21.5,MMIX
2025-03-20,21.5,MMIX
2025-03-21,21.45,MMIX
2025-03-24,21.45,MMIX
2025-03-25,21.55,MMIX
2025-03-26,21.6,MMIX
2025-03-27,21.53,MMIX
2025-03-28,20.95,MMIX
2025-03-31,21.65,MMIX
2025-04-01,21.65,MMIX
2025-04-02,21.66,MMIX
2025-04-03,21.66,MMIX
2025-04-04,21.66,MMIX
2025-04-07,21.46,MMIX
2025-04-08,21.18,MMIX
2025-04-09,21.45,MMIX
2025-04-10,21.46,MMIX
2025-04-11,21.48,MMIX
2025-04-14,21.39,MMIX
2025-04-15,21.3,MMIX
2025-04-16,20.81,MMIX
2025-04-17,20.36,MMIX
2025-04-18,20.4,MMIX
2025-04-21,20.63,MMIX
2025-04-22,20.67,MMIX
2025-04-23,20.79,MMIX
2025-04-24,20.69,MMIX
2025-04-25,20.62,MMIX
2025-04-28,20.47,MMIX
2025-04-29,20.5,MMIX
2025-04-30,20.75,MMIX
2025-05-05,20.51,MMIX
2025-05-06,20.69,MMIX
2025-05-07,20.73,MMIX
2025-05-12,20.67,MMIX
2025-05-13,20.82,MMIX
2025-05-14,20.89,MMIX
2025-05-15,21.04,MMIX
2025-05-16,21.1,MMIX
2025-05-19,20.91,MMIX
2025-05-20,20.79,MMIX
2025-05-21,20.79,MMIX
2025-05-22,20.75,MMIX
2025-05-23,20.75,MMIX
2025-05-26,20.67,MMIX
2025-05-27,20.63,MMIX
2025-05-28,21.04,MMIX
2025-05-29,20.95,MMIX
2025-05-30,21.01,MMIX
2025-06-02,21.19,MMIX
2025-06-03,21.38,MMIX
2025-06-04,20.91,MMIX
2025-06-05,20.51,MMIX
2025-06-06,20.26,MMIX
2025-06-09,19.75,MMIX
2025-06-10,19.9,MMIX
2025-06-11,19.92,MMIX
2025-06-16,19.82,MMIX
2025-06-17,19.8,MMIX
2025-06-18,19.75,MMIX
2025-06-19,19.74,MMIX
2025-06-20,19.74,MMIX
2025-06-23,19.72,MMIX
2025-06-24,19.68,MMIX
2025-06-25,19.65,MMIX
2025-06-26,19.65,MMIX
2025-06-27,19.81,MMIX
2025-06-30,20.19,MMIX
2025-07-01,19.97,MMIX
2025-07-02,20.02,MMIX
2025-07-03,19.86,MMIX
2025-07-04,19.9,MMIX
2025-07-07,19.91,MMIX
2025-07-08,19.89,MMIX
2025-07-09,19.58,MMIX
2025-07-10,19.02,MMIX
2025-07-11,18.99,MMIX
2025-07-14,19.03,MMIX
2025-07-15,19.05,MMIX
2025-07-16,19.11,MMIX
2025-07-17,19.11,MMIX
2025-07-18,19.0,MMIX
2025-07-21,19.02,MMIX
2025-07-22,18.96,MMIX
2025-07-23,18.95,MMIX
2025-07-24,18.95,MMIX
2025-07-25,18.98,MMIX
2025-07-28,18.38,MMIX
2025-07-29,18.65,MMIX
2025-07-30,18.58,MMIX
2025-07-31,18.12,MMIX
2025-08-01,18.07,MMIX
2025-08-04,17.93,MMIX
2025-08-05,17.69,MMIX
2025-08-06,17.73,MMIX
2025-08-07,17.71,MMIX
2025-08-08,17.74,MMIX
2025-08-11,17.52,MMIX
2025-08-12,17.03,MMIX
2025-08-13,17.66,MMIX
2025-08-14,17.79,MMIX
2025-08-15,17.74,MMIX
2025-08-18,17.7,MMIX
2025-08-19,17.69,MMIX
2025-08-20,17.71,MMIX
2025-08-21,17.71,MMIX
2025-08-22,17.71,MMIX
2025-08-25,17.68,MMIX
2025-08-26,17.66,MMIX
2025-08-27,17.66,MMIX
2025-08-28,17.66,MMIX
2025-08-29,17.66,MMIX
2025-09-01,17.66,MMIX
2025-09-02,17.68,MMIX
2025-09-03,17.71,MMIX
2025-09-04,17.7,MMIX
2025-09-05,17.68,MMIX
2025-09-08,17.67,MMIX
2025-09-09,17.68,MMIX
2025-09-10,17.08,MMIX
2025-09-11,16.92,MMIX
2025-09-12,17.01,MMIX
2025-09-15,16.77,MMIX
2025-09-16,16.85,MMIX
2025-09-17,16.85,MMIX
2025-09-18,16.86,MMIX
2025-09-19,16.93,MMIX
2025-09-22,16.95,MMIX
2025-09-23,16.93,MMIX
2025-09-24,16.93,MMIX
2025-09-25,16.96,MMIX
2025-09-26,17.0,MMIX
2025-09-29,16.98,MMIX
2025-09-30,17.03,MMIX
2025-10-01,16.89,MMIX
2025-10-02,16.72,MMIX
2025-10-03,16.85,MMIX
2025-10-06,16.93,MMIX
2025-10-07,16.93,MMIX
2025-10-08,16.71,MMIX
2025-10-09,16.58,MMIX
2025-10-10,16.29,MMIX
2025-10-13,16.28,MMIX
2025-10-14,16.3,MMIX
2025-10-15,16.37,MMIX
2025-10-16,16.37,MMIX
2025-10-17,16.46,MMIX
2025-10-20,16.41,MMIX
2025-10-21,16.38,MMIX
2025-10-22,16.38,MMIX
2025-10-23,16.4,MMIX
2025-10-24,16.43,MMIX
2025-10-27,16.26,MMIX
2025-10-28,16.35,MMIX
2025-10-29,16.29,MMIX
2025-10-30,16.04,MMIX
2025-10-31,16.35,MMIX
2025-11-05,16.22,MMIX
2025-11-06,16.34,MMIX
2025-11-07,16.34,MMIX
2025-11-10,16.34,MMIX
2025-11-11,16.38,MMIX
2025-11-12,16.26,MMIX
2025-11-13,16.45,MMIX
2025-11-14,16.52,MMIX
2025-11-17,16.33,MMIX
2025-11-18,16.27,MMIX
2025-11-19,16.09,MMIX
2025-11-20,16.1,MMIX
2025-11-21,16.13,MMIX
2025-11-24,16.1,MMIX
2025-11-25,16.05,MMIX
2025-11-26,16.06,MMIX
2025-11-27,15.98,MMIX
2025-11-28,16.06,MMIX
2025-12-01,16.05,MMIX
2025-12-02,16.16,MMIX
2025-12-03,16.21,MMIX
2025-12-04,16.44,MMIX
2025-12-05,16.48,MMIX
2025-12-08,16.35,MMIX
2025-12-09,16.15,MMIX
2025-12-10,16.0,MMIX
2025-12-11,15.95,MMIX
2025-12-12,15.82,MMIX
2025-12-15,15.74,MMIX
2025-12-16,15.78,MMIX
2025-12-17,15.76,MMIX
2025-12-18,15.77,MMIX
2025-12-19,15.8,MMIX
2025-12-22,15.81,MMIX
2025-12-23,16.26,MMIX
2025-12-24,15.94,MMIX
2025-12-25,15.76,MMIX
2025-12-26,15.76,MMIX
2025-12-29,15.77,MMIX
2026-01-12,15.62,MMIX
2026-01-13,15.16,MMIX
2026-01-14,15.52,MMIX
2026-01-15,15.71,MMIX
2026-01-16,15.82,MMIX
2026-01-19,15.75,MMIX
2026-01-20,15.71,MMIX
2026-01-21,15.7,MMIX
2026-01-22,15.58,MMIX
2026-01-23,15.49,MMIX
2026-01-26,15.65,MMIX
2026-01-27,15.53,MMIX
2026-01-28,15.69,MMIX
2026-01-29,15.87,MMIX
2026-01-30,15.85,MMIX
2026-02-02,15.77,MMIX
2026-02-03,15.66,MMIX
2026-02-04,15.57,MMIX
2026-02-05,15.45,MMIX
2026-02-06,15.34,MMIX
2026-02-09,15.3,MMIX
2026-02-10,15.24,MMIX
2026-02-11,15.28,MMIX
2026-02-12,15.21,MMIX
2026-02-13,15.28,MMIX
2026-02-16,15.15,MMIX
2026-02-17,15.19,MMIX
2026-02-18,15.29,MMIX
2026-02-19,15.21,MMIX
2026-02-20,15.3,MMIX
2026-02-24,15.28,MMIX
2026-02-25,15.16,MMIX
2026-02-26,15.15,MMIX
2026-02-27,15.19,MMIX
2026-03-02,15.2,MMIX
2026-03-03,15.27,MMIX
2026-03-04,15.27,MMIX
2026-03-05,15.27,MMIX
2026-03-06,15.26,MMIX
2026-03-10,15.26,MMIX
2026-03-11,15.02,MMIX
2026-03-12,14.87,MMIX
2026-03-13,14.8,MMIX
2026-03-16,14.77,MMIX
2026-03-17,14.75,MMIX
2026-03-18,14.78,MMIX
2026-03-19,14.78,MMIX
2026-03-20,14.75,MMIX
2026-03-23,14.68,MMIX
2026-03-24,14.96,MMIX
2026-03-25,14.82,MMIX
2026-03-26,14.58,MMIX
2026-03-27,14.58,MMIX
2026-03-30,14.6,MMIX
2026-03-31,14.69,MMIX
2026-04-01,14.76,MMIX
2026-04-02,14.77,MMIX
2026-04-03,14.78,MMIX
2026-04-06,14.77,MMIX
2026-04-07,14.74,MMIX
2026-04-08,14.72,MMIX
2026-04-09,14.66,MMIX
2026-04-10,14.6,MMIX
2026-04-13,14.59,MMIX
2026-04-14,14.54,MMIX
2026-04-15,14.53,MMIX
2026-04-16,14.48,MMIX
2026-04-17,14.47,MMIX
2026-04-20,14.47,MMIX
2026-04-21,14.45,MMIX
2026-04-22,14.47,MMIX
2026-04-23,14.43,MMIX
2026-04-24,14.38,MMIX
2026-04-27,14.45,MMIX
2026-04-28,14.84,MMIX
2026-04-29,14.54,MMIX
2026-04-30,14.4,MMIX
2026-05-04,14.37,MMIX
2026-05-05,14.16,MMIX
2026-05-06,14.04,MMIX
2026-05-07,14.01,MMIX
2026-05-08,13.71,MMIX
2026-05-12,13.89,MMIX
2026-05-13,14.07,MMIX
2026-05-14,14.17,MMIX
2026-05-15,14.16,MMIX
2026-05-18,14.11,MMIX
2026-05-19,14.23,MMIX
2026-05-20,14.13,MMIX
2026-05-21,14.16,MMIX
2026-05-22,14.07,MMIX
2026-05-25,14.05,MMIX
2026-05-26,14.09,MMIX
2026-05-27,14.26,MMIX
2026-05-28,14.15,MMIX
2026-05-29,14.17,MMIX
2026-06-01,14.17,MMIX
2026-06-02,14.17,MMIX
2026-06-03,14.17,MMIX
2026-06-04,14.08,MMIX
2026-06-05,14.17,MMIX
2026-06-08,14.04,MMIX
2026-06-09,13.97,MMIX
2026-06-10,13.94,MMIX
2026-06-11,13.87,MMIX
2026-06-15,13.82,MMIX
2026-06-16,13.76,MMIX
2026-06-17,13.77,MMIX
2026-06-18,13.72,MMIX
2026-06-19,13.74,MMIX
2026-06-22,14.07,MMIX
2026-06-23,14.13,MMIX
2026-06-24,14.16,MMIX
2026-06-25,14.03,MMIX
2026-06-26,14.02,MMIX
2026-06-29,14.29,MMIX
2026-06-30,14.31,MMIX
2026-07-01,14.22,MMIX
2026-07-02,14.34,MMIX
2026-07-03,14.4,MMIX
2026-07-06,14.4,MMIX
2026-07-07,14.4,MMIX
2026-07-08,14.4,MMIX
2026-07-09,14.54,MMIX
2026-07-10,14.82,MMIX
2026-07-13,14.82,MMIX
2026-07-14,14.3,MMIX
2026-07-15,14.28,MMIX
2026-07-16,14.75,MMIX
2026-07-17,14.79,MMIX
2026-07-20,14.79,MMIX
2026-07-21,14.72,MMIX
2026-07-22,14.22,MMIX
2026-07-23,13.94,MMIX
2026-07-24,13.9,MMIX
2026-07-27,13.68,MMIX
2026-07-28,13.76,MMIX
2026-07-29,13.88,MMIX
2026-07-30,14.08,MMIX
2026-07-31,14.03,MMIX
2026-08-03,13.86,MMIX
2026-08-04,13.83,MMIX
2026-08-05,13.62,MMIX
2026-08-06,13.48,MMIX
2026-08-07,13.67,MMIX
2026-08-10,13.55,MMIX
2026-08-11,13.58,MMIX
2026-08-12,13.82,MMIX
2026-08-13,13.94,MMIX
2026-08-14,13.98,MMIX
2026-08-17,13.9,MMIX
2026-08-18,13.84,MMIX
2026-08-19,13.76,MMIX
2026-08-20,13.71,MMIX
2026-08-21,13.87,MMIX
2026-08-24,13.7,MMIX
2026-08-25,13.7,MMIX
2026-08-26,13.58,MMIX
2026-08-27,13.51,MMIX
2026-08-28,13.54,MMIX
2026-08-31,13.68,MMIX
2026-09-01,13.99,MMIX
2026-09-02,13.88,MMIX
2026-09-03,13.95,MMIX
2026-09-04,14.15,MMIX
2026-09-07,13.99,MMIX
2026-09-08,14.22,MMIX
2026-09-09,13.93,MMIX
2026-09-10,13.71,MMIX
2026-09-11,13.84,MMIX
2026-09-14,14.06,MMIX
2026-09-15,14.09,MMIX
2026-09-16,14.31,MMIX
2026-09-17,14.23,MMIX
2026-09-18,14.03,MMIX
2026-09-21,14.13,MMIX
2026-09-22,14.03,MMIX
2026-09-23,14.21,MMIX
2026-09-24,14.1,MMIX
2026-09-25,14.11,MMIX
2026-09-28,14.15,MMIX
2026-09-29,14.17,MMIX
2026-09-30,14.07,MMIX
