date,y_3m_param,y_1y_param,y_3m_iss,y_1y_iss,B1,B2,B3,T1,G1,G2,G3,G4,G5,G6,G7,G8,G9,month
2022-06-30,8.752989607878693,8.691198729054372,8.753,8.6912,847.755511,-7.258533,-40.726418,1.14771,-0.03011,3.202623,-1.248893,-3.132052,2.439337,-0.80393,0.425628,0.0,0.0,2022-06
2022-07-29,7.14530317830826,7.190172488920243,7.1453,7.1902,902.17206,-204.563411,-300.236734,1.015311,0.053846,-0.010793,1.982532,-2.698784,2.915347,0.394993,-0.817369,0.0,0.0,2022-07
2022-08-31,7.706499677477653,7.690990824725997,7.7065,7.691,935.657408,-189.675059,-271.169755,1.445548,-0.07707,1.471302,2.279303,-4.182386,2.767738,2.246806,-1.16366,0.0,0.0,2022-08
2022-09-30,8.614594073533844,8.788689821514817,8.6146,8.7887,1074.519338,-246.370932,-309.606577,0.963258,-1.888202,4.107812,-0.323132,-3.932498,10.688583,0.549697,0.73415,0.0,0.0,2022-09
2022-10-31,7.426096867414134,7.72403787532554,7.4261,7.724,1048.217726,-335.835284,-309.737171,1.265718,-1.620271,0.014262,4.22549,-7.643421,5.425303,2.139347,-1.247415,0.0,0.0,2022-10
2022-11-30,7.111863713985267,7.455850091623239,7.1119,7.4559,1062.688157,-383.894402,-327.598554,1.372239,-1.42874,1.675662,5.842376,-10.278176,5.473038,5.243581,-1.51271,0.0,0.0,2022-11
2022-12-30,6.683519651937675,7.252999360239287,6.6835,7.253,1081.203581,-452.374544,-275.818427,1.388393,-0.138788,-0.567053,5.037493,-2.4902,4.589988,2.400317,-4.343921,0.0,0.0,2022-12
2023-01-31,6.882329297381463,7.297562507836597,6.8823,7.2976,1135.444885,-479.464104,-383.818968,1.53462,-2.080328,1.103997,4.768232,-5.440207,1.700013,3.137058,-0.925929,0.0,0.0,2023-01
2023-02-28,7.277183740727566,7.7335698529456876,7.2772,7.7336,1158.491475,-470.174106,-299.001403,1.723704,-0.317869,0.01026,4.890305,-3.890549,-2.196635,4.356902,1.02812,0.0,0.0,2023-02
2023-03-31,7.769707878978771,7.833807670690995,7.7697,7.8338,1143.176754,-388.092808,-508.028105,1.339291,-0.032249,0.053775,2.994971,-3.821617,0.33503,4.705362,-0.516185,0.0,0.0,2023-03
2023-04-28,7.230411595813768,7.435392344692904,7.2304,7.4354,1164.357405,-464.643716,-524.839977,1.351363,-0.154845,-0.115586,3.579665,-5.310062,0.75128,6.788667,-1.360769,0.0,0.0,2023-04
2023-05-31,7.624828059796873,7.744719111477071,7.6248,7.7447,1166.869835,-429.00498,-501.749615,1.491229,0.174711,-0.184929,2.573687,-4.916562,0.831837,4.605998,-0.608686,0.0,0.0,2023-05
2023-06-30,7.513477105526766,7.9786771495437225,7.5135,7.9787,1181.837149,-470.110166,-297.138888,1.735025,-1.571659,-0.068021,5.047334,-6.771323,3.229873,1.733545,-1.291843,0.0,0.0,2023-06
2023-07-31,7.815043178671033,8.769328236987661,7.815,8.7693,1111.340929,-396.046513,17.025182,1.472917,-10.99946,13.698125,10.970487,-14.557738,-4.285099,2.808505,2.450616,0.0,0.0,2023-07
2023-08-31,10.308525967335447,10.51335704414016,10.3085,10.5134,1116.057804,-142.56502,-20.638335,2.080424,-0.338007,1.021785,2.579951,-8.181804,3.548147,2.901352,-1.066617,0.0,0.0,2023-08
2023-09-29,12.380994808968993,12.565674934354742,12.381,12.5657,1119.575616,16.565455,185.312749,0.500515,0.013258,0.573741,0.941718,1.239911,1.580423,-1.804207,-1.25905,0.0,0.0,2023-09
2023-10-31,13.128207059458118,12.949732612681885,13.1282,12.9497,1203.833223,39.086758,-157.775582,2.869109,-1.485064,-4.058351,8.174684,-3.136916,1.292788,2.027188,-0.375158,0.0,0.0,2023-10
2023-11-30,13.511279815626965,11.496857710517627,13.5113,11.4969,1115.4123,443.925521,-628.628602,0.306995,-0.0207,-4.645514,9.823262,-2.012652,-2.764478,0.562551,0.735589,0.0,0.0,2023-11
2023-12-29,11.734931471834575,12.776672710085268,11.7349,12.7767,1091.902485,-77.174628,499.147969,0.554298,-2.930847,-0.828699,16.460852,-27.448872,-18.287107,3.679502,10.231929,0.0,0.0,2023-12
2024-01-31,13.464947546573836,13.256880504235037,13.4649,13.2569,1552.112919,-270.358158,-1056.439061,6.831477,-11.087485,-8.723368,29.608512,-4.700447,-6.659353,1.761926,2.354433,0.0,0.0,2024-01
2024-02-29,13.591282305018826,13.577482944924645,13.5913,13.5775,1633.515133,-344.932363,-980.711513,8.572556,-17.135573,-3.642195,32.187853,-10.386375,-7.378104,3.900922,3.554497,0.0,0.0,2024-02
2024-03-29,15.12424927544953,14.401070898350522,15.1242,14.4011,1395.476723,41.019737,-669.922459,2.842888,-7.128987,5.252445,8.403201,-6.868641,1.177295,2.821088,0.763873,0.0,0.0,2024-03
2024-04-30,14.64803389797724,14.511935416785192,14.648,14.5119,1368.741922,9.873015,-363.793924,4.086332,-12.224502,1.025002,17.34483,-2.893664,2.799001,2.971548,3.123552,0.0,0.0,2024-04
2024-05-31,15.126065990096116,15.728668918062683,15.1261,15.7287,1459.928693,-35.361498,-236.725946,24.447715,-46.513186,1.062237,37.303504,19.758575,-0.206101,0.377006,-0.022533,0.0,0.0,2024-05
2024-06-28,15.886690104065202,16.76087740012846,15.8867,16.7609,1358.286263,47.93481,574.923333,0.765903,-0.011639,-0.245557,-0.597303,0.337565,-1.066443,0.243931,1.130598,0.0,0.0,2024-06
2024-07-31,16.275442539296026,17.225509743696634,16.2754,17.2255,1412.730384,22.451711,576.958934,0.738747,-0.163809,-0.703662,-1.018894,-1.191698,-3.205548,-0.542945,1.299493,0.0,0.0,2024-07
2024-08-30,17.396750539179706,18.354630451907195,17.3968,18.3546,1390.415619,141.392576,765.623511,0.85776,-0.065523,0.052181,-1.931068,-1.130122,2.311158,-4.320663,1.050234,0.0,0.0,2024-08
2024-09-30,19.486967831757763,19.433207793750995,19.487,19.4332,1260.34081,516.259755,627.762344,1.854994,0.001525,-0.575656,-1.102398,-1.080255,-4.891126,0.663447,4.264555,0.0,0.0,2024-09
2024-10-31,21.715057132203295,21.825086460144693,21.7151,21.8251,1273.809189,677.500094,945.715171,1.797184,-0.140282,0.675113,-2.484585,-1.318238,-0.529227,-1.877078,2.359526,0.0,0.0,2024-10
2024-11-29,23.21643074854194,22.531935561377715,23.2164,22.5319,1248.663882,851.154857,682.37402,1.696721,-0.043378,0.972232,1.725225,1.995476,0.49521,-1.996959,0.267448,0.0,0.0,2024-11
2024-12-30,18.797023327919792,18.58160764390675,18.797,18.5816,1245.93612,471.245532,477.327207,1.748013,1.913341,4.06965,4.257082,-4.684051,-3.696561,8.180641,0.311435,0.0,0.0,2024-12
2025-01-31,18.67556778165662,18.293902403299423,18.6756,18.2939,1457.616216,265.027704,73.951163,1.97608,0.2544,1.069293,0.811941,-3.678562,0.617097,5.940428,-0.021089,0.0,0.0,2025-01
2025-02-28,19.940830654014928,18.929476167346483,19.9408,18.9295,1348.000678,502.4858,-48.335606,1.934085,0.102934,0.714805,0.774782,-1.747461,2.704995,7.349426,-1.459645,0.0,0.0,2025-02
2025-03-31,21.518914067818873,18.20424030098251,21.5189,18.2042,1393.285044,724.863249,-300.048971,0.638245,0.162666,-0.017692,-2.179946,1.860832,9.710404,5.823782,-4.204575,0.0,0.0,2025-03
2025-04-30,20.327228003507216,18.190764510300664,20.3272,18.1908,1424.260712,536.440809,-132.676734,0.696936,-3.743581,-8.009705,4.240103,7.547029,3.188264,1.748079,-3.908433,0.0,0.0,2025-04
2025-05-30,20.041177270208465,17.41756433212196,20.0412,17.4176,1424.315641,544.093151,-304.347893,0.611734,0.85437,0.884792,6.888247,-4.444497,-5.508307,2.933399,1.90829,0.0,0.0,2025-05
2025-06-30,17.295289841428897,15.403176279031738,17.2953,15.4032,1377.175573,318.836694,-458.27456,0.833391,-0.139951,-0.462891,-0.442085,-2.09354,-0.90018,3.420703,0.691384,0.0,0.0,2025-06
2025-07-31,14.988516925423177,13.685394017870944,14.9885,13.6854,1316.942305,192.516685,-379.781537,0.502749,0.012192,-2.897706,-3.172024,-1.669709,-0.637968,7.658726,-0.415166,0.0,0.0,2025-07
2025-08-29,15.503998569057641,14.05548933989549,15.504,14.0555,1299.393176,252.208361,-311.204554,0.501217,0.259398,-0.88443,-1.660557,-1.126422,4.163536,6.731443,-4.079078,0.0,0.0,2025-08
2025-09-30,14.46707034560677,14.249030173238152,14.4671,14.249,1394.166648,-14.563162,-187.635117,0.552346,-0.093232,-0.671009,-0.863072,-1.122145,5.243616,6.897687,0.308263,0.0,0.0,2025-09
2025-10-31,12.29920174034862,13.48454701318711,12.2992,13.4845,1278.973206,-166.876564,660.29467,1.997914,0.015931,1.795852,-2.603639,-4.046567,0.04379,5.618235,-1.065961,0.0,0.0,2025-10
2025-11-28,13.234576435970036,14.027806708117184,13.2346,14.0278,1229.217444,-19.383394,554.272772,2.0,0.033715,1.120455,-0.406302,-6.699751,0.847708,8.594265,-1.760838,0.0,0.0,2025-11
2025-12-30,12.098433251033747,13.135394262564825,12.0984,13.1354,1268.23496,-169.208249,534.985601,1.982263,0.060043,1.213735,2.492657,-6.402404,-1.624705,14.996065,-3.638664,0.0,0.0,2025-12
2026-01-30,13.923560063370433,14.409327724483601,13.9236,14.4093,1282.474011,0.359047,384.203753,2.0,1.954223,0.246972,-7.781589,-2.640226,2.539518,5.691484,1.955985,0.0,0.0,2026-01
2026-02-27,13.680888259844282,14.235643088315797,13.6809,14.2356,1238.738113,18.953876,442.466938,1.999359,0.818603,1.635469,-3.158227,-6.709535,1.47935,10.833707,-1.080504,0.0,0.0,2026-02
2026-03-31,12.138624460194427,13.04587101876782,12.1386,13.0459,1310.404764,-201.206099,407.850369,1.978879,0.505387,0.258761,-2.765231,-0.795958,4.849656,6.081806,-0.258105,0.0,0.0,2026-03
2026-04-30,13.333854542453993,13.043716891716528,13.3339,13.0437,1378.712303,-90.737908,-355.471653,0.682478,-0.045126,0.445766,-1.714894,-5.463929,7.407314,9.96866,-3.431441,0.0,0.0,2026-04
2026-05-29,13.597686985868451,12.960858740645408,13.5977,12.9609,1423.326523,-80.711105,-556.556452,0.658495,0.024492,0.436365,0.460782,-4.067714,5.787217,7.288964,-2.419595,0.0,0.0,2026-05
2026-06-30,13.591992876901049,13.41249975128216,13.592,13.4125,1592.160949,-292.123409,-572.259118,0.970977,0.101873,1.519085,0.985745,-5.510452,4.191627,6.697655,0.798254,0.0,0.0,2026-06
2026-07-31,13.585183411379976,13.632015575058977,13.5852,13.632,1507.496723,-154.471642,-638.709288,0.5,-12.038804,-3.997973,28.321123,14.707364,3.678241,-5.100786,-8.591159,0.0,0.0,2026-07
2026-08-31,13.27341345003239,13.632168259850564,13.2734,13.6322,1522.221819,-258.590246,-399.683419,0.585056,0.043948,-1.117853,-2.3503,-2.098176,10.179668,2.722763,-2.412065,0.0,0.0,2026-08
2026-09-30,11.646432141144958,13.718968596053706,11.6464,13.719,1600.239164,-590.311191,-134.014145,0.553328,0.096931,-0.604464,-0.522432,-0.750288,-0.899578,-0.68359,0.471464,0.0,0.0,2026-09
